,predicted,real,prob
0,8,8,1
1,18,18,1
2,17,17,1
3,19,19,1
4,7,17,1
5,7,7,1
6,19,19,1
7,11,11,1
8,7,7,1
9,19,19,1
10,10,10,1
11,17,5,1
12,10,10,1
13,8,8,1
14,7,7,1
15,5,5,1
16,16,16,1
17,18,18,1
18,14,14,1
19,7,7,1
20,19,19,1
21,18,18,1
22,16,16,1
23,10,10,1
24,19,10,1
25,7,7,1
26,5,5,1
27,5,5,1
28,4,7,1
29,18,18,1
30,19,19,1
31,17,17,1
32,7,7,1
33,7,7,1
34,17,19,1
35,5,5,1
36,19,19,1
37,19,10,1
38,8,8,1
39,16,19,1
40,11,11,1
41,15,15,1
42,17,17,1
43,10,10,1
44,15,15,1
45,19,19,1
46,16,16,1
47,16,16,1
48,17,17,1
49,7,7,1
50,5,5,1
51,19,10,1
52,7,7,1
53,8,8,1
54,17,7,1
55,7,7,1
56,8,8,1
57,19,19,1
58,8,8,1
59,18,18,1
60,15,15,1
61,8,8,1
62,18,18,1
63,17,17,1
64,16,16,1
65,19,10,1
66,16,16,1
67,19,10,1
68,18,18,1
69,10,10,1
70,7,7,1
71,14,14,1
72,8,8,1
73,19,19,1
74,18,18,1
75,16,16,1
76,19,19,1
77,19,19,1
78,7,7,1
79,17,7,1
80,6,7,1
81,17,5,1
82,8,8,1
83,19,10,1
84,17,7,1
85,17,17,1
86,19,19,1
87,17,17,1
88,15,15,1
89,7,7,1
90,7,7,1
91,5,5,1
92,19,19,1
93,19,19,1
94,7,7,1
95,8,8,1
96,7,7,1
97,18,18,1
98,8,8,1
99,11,11,1
100,7,7,1
101,7,7,1
102,17,7,1
103,19,19,1
104,19,19,1
105,19,19,1
106,14,14,1
107,7,7,1
108,17,7,1
109,19,19,1
110,4,4,1
111,7,7,1
112,16,1,1
113,7,7,1
114,11,11,1
115,4,4,1
116,17,17,1
117,17,5,1
118,7,7,1
119,17,17,1
120,7,7,1
121,4,5,1
122,11,11,1
123,10,10,1
124,8,8,1
125,16,17,1
126,8,8,1
127,7,7,1
128,7,7,1
129,18,18,1
130,19,10,1
131,13,13,1
132,17,17,1
133,7,7,1
134,19,19,1
135,19,19,1
136,7,17,1
137,7,7,1
138,4,4,1
139,5,5,1
140,17,19,1
141,17,17,1
142,19,10,1
143,8,8,1
144,19,19,1
145,19,19,1
146,15,15,1
147,16,18,1
148,19,10,1
149,17,2,1
150,19,19,1
151,19,10,1
152,7,2,1
153,17,7,1
154,11,11,1
155,7,7,1
156,7,17,1
157,17,17,1
158,7,7,1
159,19,19,1
160,19,10,1
161,13,11,1
162,19,10,1
163,7,7,1
164,8,8,1
165,7,7,1
166,8,8,1
167,19,19,1
168,16,16,1
169,18,18,1
170,7,7,1
171,7,7,1
172,15,15,1
173,7,7,1
174,7,7,1
175,5,5,1
176,4,4,1
177,16,16,1
178,8,8,1
179,10,10,1
180,17,5,1
181,11,11,1
182,16,16,1
183,7,7,1
184,8,8,1
185,5,5,1
186,16,16,1
187,5,2,1
188,7,7,1
189,16,16,1
190,8,8,1
191,10,10,1
192,16,16,1
193,18,18,1
194,8,8,1
195,19,19,1
196,16,16,1
197,5,5,1
198,17,7,1
199,8,8,1
200,16,16,1
201,8,8,1
202,7,7,1
203,19,10,1
204,16,16,1
205,4,4,1
206,8,8,1
207,18,18,1
208,19,19,1
209,17,17,1
210,17,17,1
211,8,8,1
212,17,7,1
213,5,5,1
214,7,17,1
215,5,5,1
216,16,16,1
217,19,10,1
218,8,8,1
219,4,4,1
220,18,16,1
221,19,16,1
222,14,14,1
223,1,1,1
224,8,8,1
225,10,19,1
226,16,16,1
227,7,7,1
228,18,17,1
229,5,5,1
230,19,19,1
231,16,18,1
232,19,19,1
233,10,10,1
234,19,10,1
235,16,16,1
236,11,11,1
237,11,11,1
238,19,19,1
239,7,5,1
240,13,13,1
241,7,7,1
242,17,10,1
243,18,18,1
244,17,17,1
245,7,7,1
246,7,5,1
247,16,16,1
248,10,10,1
249,7,7,1
250,5,5,1
251,8,8,1
252,17,7,1
253,8,8,1
254,7,7,1
255,8,8,1
256,16,16,1
257,8,8,1
258,4,4,1
259,15,15,1
260,7,5,1
261,19,19,1
262,8,8,1
263,16,16,1
264,8,8,1
265,15,15,1
266,7,7,1
267,19,19,1
268,14,14,1
269,16,16,1
270,18,18,1
271,17,17,1
272,17,7,1
273,19,19,1
274,17,17,1
275,13,13,1
276,17,4,1
277,18,18,1
278,19,19,1
279,18,18,1
280,18,18,1
281,7,7,1
282,5,16,1
283,7,7,1
284,7,7,1
285,7,7,1
286,16,16,1
287,19,10,1
288,17,18,1
289,8,8,1
290,7,7,1
291,5,5,1
292,8,8,1
293,14,14,1
294,19,19,1
295,7,7,1
296,5,5,1
297,13,13,1
298,4,4,1
299,19,19,1
300,11,11,1
301,8,8,1
302,6,6,1
303,19,10,1
304,10,10,1
305,8,8,1
306,8,8,1
307,11,11,1
308,5,4,1
309,8,8,1
310,15,15,1
311,17,17,1
312,18,18,1
313,7,7,1
314,7,7,1
315,10,10,1
316,12,12,1
317,19,19,1
318,19,19,1
319,8,8,1
320,10,10,1
321,16,18,1
322,18,18,1
323,16,16,1
324,10,10,1
325,18,18,1
326,7,17,1
327,10,10,1
328,11,11,1
329,15,15,1
330,7,7,1
331,17,17,1
332,7,5,1
333,10,10,1
334,17,7,1
335,19,19,1
336,19,19,1
337,19,19,1
338,7,7,1
339,17,17,1
340,8,8,1
341,18,18,1
342,16,16,1
343,17,17,1
344,15,15,1
345,7,7,1
346,8,8,1
347,15,15,1
348,13,13,1
349,7,7,1
350,15,15,1
351,10,10,1
352,15,5,1
353,14,14,1
354,19,10,1
355,10,10,1
356,10,10,1
357,19,10,1
358,19,19,1
359,16,18,1
360,8,8,1
361,13,13,1
362,7,7,1
363,19,19,1
364,7,7,1
365,7,17,1
366,7,17,1
367,7,7,1
368,11,13,1
369,11,11,1
370,7,16,1
371,7,7,1
372,16,16,1
373,5,5,1
374,11,11,1
375,15,15,1
376,7,7,1
377,15,15,1
378,8,8,1
379,8,8,1
380,18,18,1
381,7,3,1
382,14,14,1
383,19,19,1
384,8,8,1
385,7,7,1
386,18,18,1
387,19,19,1
388,11,11,1
389,8,8,1
390,17,7,1
391,8,8,1
392,15,15,1
393,16,18,1
394,19,10,1
395,19,19,1
396,7,7,1
397,18,2,1
398,19,19,1
399,13,14,1
400,15,15,1
401,8,8,1
402,10,10,1
403,8,8,1
404,7,7,1
405,7,7,1
406,5,5,1
407,17,7,1
408,18,18,1
409,10,10,1
410,18,18,1
411,19,19,1
412,3,1,1
413,7,7,1
414,5,5,1
415,7,7,1
416,19,19,1
417,5,5,1
418,11,11,1
419,17,17,1
420,12,12,1
421,19,10,1
422,19,19,1
423,19,19,1
424,17,17,1
425,16,16,1
426,19,19,1
427,7,7,1
428,7,7,1
429,17,17,1
430,7,7,1
431,8,8,1
432,8,8,1
433,7,5,1
434,7,7,1
435,5,5,1
436,16,18,1
437,19,19,1
438,7,7,1
439,17,17,1
440,18,18,1
441,7,7,1
442,18,18,1
443,17,17,1
444,5,5,1
445,18,18,1
446,8,8,1
447,14,14,1
448,8,8,1
449,8,8,1
450,19,19,1
451,7,7,1
452,16,1,1
453,8,8,1
454,8,8,1
455,16,16,1
456,8,8,1
457,19,19,1
458,12,12,1
459,8,8,1
460,7,7,1
461,7,18,1
462,19,10,1
463,11,11,1
464,18,18,1
465,1,1,1
466,19,19,1
467,10,10,1
468,19,10,1
469,7,4,1
470,11,11,1
471,19,19,1
472,15,15,1
473,7,7,1
474,16,16,1
475,7,7,1
476,19,16,1
477,16,16,1
478,11,11,1
479,18,18,1
480,16,16,1
481,5,5,1
482,11,11,1
483,17,17,1
484,8,8,1
485,6,1,1
486,19,19,1
487,10,10,1
488,7,7,1
489,10,10,1
490,17,17,1
491,14,14,1
492,8,8,1
493,18,18,1
494,14,14,1
495,17,17,1
496,5,5,1
497,5,5,1
498,10,10,1
499,7,7,1
500,7,7,1
501,5,5,1
502,19,10,1
503,11,11,1
504,17,4,1
505,10,10,1
506,6,6,1
507,7,7,1
508,15,15,1
509,16,4,1
510,18,18,1
511,7,17,1
512,16,5,1
513,11,11,1
514,19,10,1
515,15,5,1
516,15,15,1
517,7,7,1
518,17,17,1
519,19,19,1
520,17,17,1
521,18,18,1
522,7,7,1
523,18,18,1
524,17,17,1
525,7,7,1
526,8,8,1
527,19,10,1
528,19,19,1
529,18,16,1
530,5,5,1
531,14,14,1
532,7,7,1
533,7,16,1
534,11,11,1
535,5,5,1
536,7,7,1
537,5,4,1
538,16,9,1
539,15,5,1
540,16,16,1
541,17,5,1
542,7,7,1
543,19,19,1
544,7,7,1
545,19,10,1
546,11,11,1
547,17,7,1
548,10,10,1
549,10,10,1
550,8,8,1
551,7,7,1
552,16,16,1
553,14,14,1
554,19,19,1
555,11,13,1
556,17,4,1
557,19,10,1
558,15,15,1
559,19,19,1
560,8,8,1
561,7,7,1
562,17,17,1
563,15,15,1
564,19,19,1
565,16,16,1
566,7,7,1
567,8,8,1
568,18,18,1
569,18,18,1
570,15,15,1
571,18,18,1
572,8,8,1
573,5,5,1
574,11,11,1
575,19,19,1
576,17,17,1
577,8,8,1
578,7,7,1
579,7,7,1
580,13,13,1
581,8,8,1
582,8,8,1
583,16,16,1
584,19,19,1
585,16,16,1
586,13,13,1
587,16,16,1
588,8,8,1
589,19,19,1
590,18,18,1
591,5,5,1
592,19,10,1
593,8,8,1
594,7,7,1
595,15,15,1
596,16,16,1
597,5,9,1
598,8,8,1
599,16,16,1
600,15,15,1
601,19,19,1
602,17,7,1
603,7,7,1
604,13,13,1
605,7,17,1
606,17,17,1
607,19,10,1
608,1,19,1
609,18,18,1
610,17,7,1
611,15,15,1
612,11,11,1
613,17,17,1
614,17,5,1
615,4,4,1
616,7,7,1
617,19,10,1
618,7,7,1
619,16,16,1
620,18,18,1
621,5,5,1
622,19,19,1
623,7,7,1
624,17,18,1
625,17,17,1
626,16,16,1
627,7,7,1
628,8,8,1
629,17,7,1
630,16,16,1
631,8,8,1
632,10,10,1
633,17,17,1
634,12,12,1
635,19,19,1
636,19,10,1
637,5,5,1
638,5,5,1
639,8,8,1
640,18,18,1
641,7,7,1
642,11,11,1
643,16,16,1
644,19,19,1
645,7,7,1
646,10,10,1
647,19,10,1
648,19,19,1
649,16,16,1
650,18,18,1
651,14,14,1
652,17,4,1
653,16,18,1
654,19,10,1
655,19,19,1
656,7,7,1
657,16,16,1
658,15,15,1
659,8,8,1
660,10,10,1
661,15,15,1
662,12,12,1
663,17,17,1
664,19,19,1
665,5,5,1
666,17,17,1
667,17,17,1
668,8,8,1
669,11,11,1
670,19,19,1
671,7,7,1
672,8,8,1
673,18,16,1
674,16,16,1
675,19,19,1
676,16,16,1
677,17,17,1
678,7,7,1
679,7,7,1
680,12,12,1
681,16,16,1
682,10,10,1
683,5,5,1
684,16,16,1
685,8,8,1
686,7,7,1
687,19,10,1
688,8,8,1
689,19,19,1
690,10,10,1
691,19,17,1
692,5,1,1
693,19,19,1
694,16,16,1
695,10,19,1
696,7,7,1
697,18,18,1
698,7,7,1
699,17,17,1
700,11,11,1
701,15,15,1
702,7,18,1
703,19,10,1
704,18,18,1
705,18,18,1
706,7,7,1
707,17,17,1
708,17,17,1
709,17,17,1
710,17,17,1
711,11,11,1
712,16,16,1
713,7,7,1
714,15,15,1
715,19,19,1
716,16,16,1
717,7,7,1
718,16,16,1
719,19,19,1
720,19,19,1
721,7,7,1
722,19,19,1
723,5,5,1
724,8,8,1
725,19,10,1
726,8,8,1
727,12,12,1
728,16,17,1
729,8,8,1
730,10,10,1
731,19,19,1
732,19,19,1
733,7,18,1
734,7,7,1
735,11,11,1
736,9,9,1
737,13,13,1
738,17,7,1
739,19,19,1
740,5,5,1
741,19,19,1
742,4,4,1
743,10,10,1
744,8,8,1
745,14,14,1
746,8,8,1
747,19,19,1
748,10,10,1
749,16,16,1
750,7,7,1
751,7,7,1
752,18,18,1
753,11,11,1
754,8,8,1
755,19,10,1
756,19,10,1
757,18,18,1
758,19,19,1
759,8,8,1
760,18,16,1
761,19,19,1
762,8,8,1
763,13,11,1
764,19,10,1
765,7,7,1
766,18,18,1
767,18,18,1
768,7,7,1
769,8,8,1
770,11,12,1
771,4,4,1
772,5,19,1
773,12,12,1
774,8,8,1
775,19,19,1
776,18,18,1
777,19,10,1
778,4,4,1
779,15,15,1
780,8,8,1
781,16,16,1
782,17,7,1
783,19,10,1
784,17,17,1
785,8,8,1
786,18,18,1
787,8,8,1
788,10,10,1
789,7,7,1
790,15,15,1
791,8,8,1
792,8,8,1
793,12,12,1
794,5,5,1
795,12,12,1
796,17,5,1
797,17,0,1
798,7,17,1
799,15,15,1
800,7,7,1
801,13,11,1
802,8,8,1
803,12,12,1
804,5,5,1
805,18,18,1
806,7,7,1
807,19,10,1
808,19,19,1
809,19,19,1
810,8,8,1
811,7,7,1
812,19,19,1
813,19,19,1
814,7,7,1
815,19,19,1
816,7,7,1
817,17,7,1
818,15,15,1
819,19,10,1
820,8,8,1
821,15,15,1
822,8,8,1
823,11,11,1
824,7,7,1
825,7,7,1
826,17,17,1
827,17,17,1
828,7,7,1
829,17,17,1
830,18,18,1
831,7,7,1
832,10,10,1
833,7,5,1
834,7,17,1
835,16,16,1
836,8,8,1
837,17,4,1
838,7,7,1
839,15,15,1
840,17,17,1
841,14,14,1
842,17,7,1
843,5,5,1
844,18,18,1
845,12,12,1
846,19,19,1
847,8,8,1
848,17,17,1
849,8,8,1
850,7,7,1
851,14,14,1
852,16,16,1
853,14,14,1
854,16,18,1
855,19,10,1
856,10,10,1
857,7,7,1
858,19,10,1
859,19,19,1
860,7,7,1
861,16,16,1
862,16,16,1
863,19,19,1
864,10,10,1
865,18,18,1
866,16,16,1
867,8,8,1
868,17,17,1
869,16,16,1
870,8,8,1
871,5,5,1
872,19,19,1
873,7,7,1
874,18,18,1
875,7,7,1
876,7,7,1
877,19,19,1
878,7,7,1
879,19,19,1
880,15,15,1
881,7,7,1
882,8,8,1
883,7,7,1
884,17,17,1
885,19,10,1
886,10,10,1
887,13,13,1
888,17,17,1
889,17,17,1
890,8,8,1
891,16,16,1
892,19,19,1
893,17,17,1
894,19,19,1
895,8,8,1
896,18,18,1
897,7,7,1
898,19,10,1
899,5,5,1
900,7,7,1
901,4,5,1
902,14,14,1
903,8,8,1
904,15,15,1
905,19,19,1
906,17,7,1
907,5,5,1
908,19,19,1
909,13,16,1
910,17,17,1
911,7,17,1
912,8,8,1
913,8,8,1
914,19,19,1
915,17,17,1
916,7,7,1
917,8,8,1
918,7,7,1
919,10,10,1
920,7,18,1
921,17,17,1
922,8,8,1
923,8,8,1
924,19,19,1
925,7,7,1
926,17,17,1
927,19,19,1
928,7,5,1
929,10,10,1
930,16,16,1
931,7,7,1
932,19,10,1
933,7,10,1
934,11,11,1
935,7,7,1
936,19,19,1
937,5,5,1
938,11,11,1
939,10,10,1
940,11,11,1
941,19,19,1
942,15,15,1
943,7,7,1
944,8,8,1
945,8,8,1
946,7,7,1
947,17,17,1
948,18,18,1
949,16,16,1
950,18,18,1
951,11,11,1
952,19,19,1
953,17,17,1
954,4,6,1
955,15,15,1
956,6,7,1
957,16,16,1
958,19,10,1
959,17,17,1
960,8,8,1
961,19,10,1
962,17,17,1
963,4,7,1
964,7,7,1
965,17,17,1
966,15,15,1
967,19,10,1
968,8,8,1
969,19,19,1
970,8,8,1
971,16,18,1
972,11,11,1
973,19,19,1
974,15,15,1
975,7,7,1
976,14,14,1
977,7,7,1
978,17,17,1
979,19,19,1
980,17,17,1
981,7,7,1
982,8,8,1
983,11,11,1
984,8,8,1
985,10,10,1
986,14,14,1
987,14,14,1
988,17,17,1
989,7,7,1
990,5,5,1
991,19,19,1
992,16,5,1
993,17,17,1
994,11,11,1
995,5,9,1
996,15,15,1
997,18,18,1
998,7,7,1
999,17,17,1
1000,16,16,1
1001,17,18,1
1002,7,7,1
1003,17,17,1
1004,16,16,1
1005,19,10,1
1006,19,19,1
1007,19,19,1
1008,16,7,1
1009,7,7,1
1010,19,10,1
1011,7,11,1
1012,16,16,1
1013,1,1,1
1014,16,16,1
1015,15,15,1
1016,5,6,1
1017,16,16,1
1018,18,18,1
1019,8,8,1
1020,17,17,1
1021,17,7,1
1022,7,7,1
1023,7,7,1
1024,19,10,1
1025,7,7,1
1026,7,7,1
1027,4,17,1
1028,19,19,1
1029,5,4,1
1030,13,12,1
1031,3,3,1
1032,16,16,1
1033,18,18,1
1034,18,18,1
1035,8,8,1
1036,7,7,1
1037,16,18,1
1038,19,19,1
1039,8,8,1
1040,7,18,1
1041,18,18,1
1042,7,7,1
1043,8,8,1
1044,8,8,1
1045,7,9,1
1046,3,2,1
1047,5,5,1
1048,10,10,1
1049,15,15,1
1050,17,10,1
1051,13,13,1
1052,10,10,1
1053,19,10,1
1054,17,17,1
1055,8,8,1
1056,14,14,1
1057,16,16,1
1058,7,7,1
1059,16,16,1
1060,19,10,1
1061,12,12,1
1062,19,19,1
1063,8,8,1
1064,16,16,1
1065,5,5,1
1066,19,19,1
1067,10,10,1
1068,7,7,1
1069,19,10,1
1070,18,18,1
1071,16,16,1
1072,4,4,1
1073,5,7,1
1074,5,5,1
1075,7,7,1
1076,7,7,1
1077,16,16,1
1078,18,18,1
1079,19,19,1
1080,7,7,1
1081,19,19,1
1082,17,17,1
1083,18,18,1
1084,10,10,1
1085,16,18,1
1086,7,17,1
1087,5,5,1
1088,17,17,1
1089,7,7,1
1090,16,5,1
1091,16,16,1
1092,7,7,1
1093,7,7,1
1094,10,10,1
1095,10,10,1
1096,18,18,1
1097,7,7,1
1098,8,8,1
1099,16,16,1
1100,16,16,1
1101,15,15,1
1102,10,19,1
1103,19,19,1
1104,19,19,1
1105,13,13,1
1106,7,17,1
1107,17,7,1
1108,7,7,1
1109,8,8,1
1110,19,19,1
1111,16,16,1
1112,15,15,1
1113,8,8,1
1114,16,19,1
1115,17,7,1
1116,11,11,1
1117,7,7,1
1118,19,19,1
1119,10,10,1
1120,18,18,1
1121,17,17,1
1122,18,18,1
1123,18,18,1
1124,19,10,1
1125,8,8,1
1126,17,17,1
1127,8,8,1
1128,18,18,1
1129,10,10,1
1130,19,10,1
1131,15,15,1
1132,19,19,1
1133,16,16,1
1134,8,8,1
1135,7,7,1
1136,7,7,1
1137,8,8,1
1138,17,17,1
1139,17,17,1
1140,19,19,1
1141,18,18,1
1142,11,11,1
1143,19,10,1
1144,17,5,1
1145,18,18,1
1146,18,18,1
1147,19,19,1
1148,17,16,1
1149,16,16,1
1150,7,7,1
1151,7,7,1
1152,7,7,1
1153,19,19,1
1154,14,14,1
1155,8,8,1
1156,5,4,1
1157,8,8,1
1158,7,7,1
1159,18,18,1
1160,18,18,1
1161,18,18,1
1162,8,8,1
1163,10,19,1
1164,19,19,1
1165,18,18,1
1166,8,8,1
1167,7,7,1
1168,10,10,1
1169,14,14,1
1170,18,19,1
1171,18,3,1
1172,18,4,1
1173,16,16,1
1174,17,7,1
1175,16,16,1
1176,18,18,1
1177,14,14,1
1178,5,5,1
1179,4,19,1
1180,19,19,1
1181,8,8,1
1182,17,17,1
1183,18,18,1
1184,16,7,1
1185,18,1,1
1186,19,10,1
1187,17,17,1
1188,17,17,1
1189,14,14,1
1190,19,19,1
1191,11,18,1
1192,5,5,1
1193,7,7,1
1194,7,7,1
1195,19,19,1
1196,18,18,1
1197,7,17,1
1198,5,5,1
1199,7,7,1
1200,5,5,1
1201,16,16,1
1202,16,1,1
1203,17,17,1
1204,18,18,1
1205,16,16,1
1206,17,17,1
1207,5,5,1
1208,8,8,1
1209,11,11,1
1210,8,8,1
1211,17,17,1
1212,18,18,1
1213,10,10,1
1214,7,7,1
1215,8,8,1
1216,18,18,1
1217,19,10,1
1218,6,7,1
1219,19,19,1
1220,7,7,1
1221,19,19,1
1222,19,19,1
1223,1,1,1
1224,16,16,1
1225,8,8,1
1226,8,8,1
1227,8,8,1
1228,18,18,1
1229,11,11,1
1230,7,7,1
1231,14,14,1
1232,7,7,1
1233,17,17,1
1234,16,16,1
1235,19,19,1
1236,18,18,1
1237,19,19,1
1238,19,10,1
1239,19,19,1
1240,8,8,1
1241,16,16,1
1242,19,19,1
1243,19,10,1
1244,5,6,1
1245,11,18,1
1246,7,7,1
1247,12,12,1
1248,13,13,1
1249,7,7,1
1250,19,19,1
1251,15,15,1
1252,18,18,1
1253,8,8,1
1254,18,18,1
1255,8,8,1
1256,19,10,1
1257,19,10,1
1258,10,10,1
1259,8,8,1
1260,7,7,1
1261,15,15,1
1262,5,5,1
1263,19,19,1
1264,7,17,1
1265,17,17,1
1266,16,16,1
1267,19,19,1
1268,19,10,1
1269,8,8,1
1270,19,10,1
1271,17,4,1
1272,18,18,1
1273,14,14,1
1274,7,5,1
1275,17,17,1
1276,18,18,1
1277,14,14,1
1278,17,17,1
1279,19,19,1
1280,12,12,1
1281,5,5,1
1282,7,7,1
1283,18,18,1
1284,7,7,1
1285,19,19,1
1286,18,18,1
1287,7,7,1
1288,16,5,1
1289,7,7,1
1290,7,17,1
1291,14,14,1
1292,7,7,1
1293,4,4,1
1294,10,10,1
1295,15,15,1
1296,15,15,1
1297,10,10,1
1298,7,7,1
1299,16,18,1
1300,8,8,1
1301,10,10,1
1302,10,10,1
1303,7,7,1
1304,8,8,1
1305,7,7,1
1306,7,7,1
1307,7,18,1
1308,7,7,1
1309,8,8,1
1310,7,7,1
1311,10,10,1
1312,6,6,1
1313,5,5,1
1314,19,10,1
1315,7,7,1
1316,5,5,1
1317,7,7,1
1318,16,16,1
1319,15,15,1
1320,16,16,1
1321,8,8,1
1322,8,8,1
1323,13,13,1
1324,7,7,1
1325,19,19,1
1326,19,19,1
1327,17,17,1
1328,7,7,1
1329,7,7,1
1330,7,7,1
1331,16,16,1
1332,15,15,1
1333,8,8,1
1334,19,19,1
1335,15,15,1
1336,19,19,1
1337,7,4,1
1338,7,5,1
1339,19,10,1
1340,8,8,1
1341,8,8,1
1342,12,12,1
1343,14,12,1
1344,17,17,1
1345,7,17,1
1346,16,16,1
1347,17,19,1
1348,7,7,1
1349,17,17,1
1350,14,14,1
1351,16,16,1
1352,18,18,1
1353,18,18,1
1354,7,7,1
1355,19,19,1
1356,11,11,1
1357,19,19,1
1358,18,18,1
1359,15,15,1
1360,7,17,1
1361,10,19,1
1362,17,17,1
1363,10,10,1
1364,17,17,1
1365,16,16,1
1366,19,19,1
1367,7,7,1
1368,14,14,1
1369,7,5,1
1370,15,15,1
1371,5,5,1
1372,10,10,1
1373,13,13,1
1374,19,19,1
1375,12,12,1
1376,19,19,1
1377,15,15,1
1378,19,10,1
1379,19,19,1
1380,14,14,1
1381,16,17,1
1382,8,8,1
1383,16,16,1
1384,15,15,1
1385,4,4,1
1386,17,17,1
1387,15,15,1
1388,7,7,1
1389,5,5,1
1390,7,7,1
1391,14,14,1
1392,16,16,1
1393,13,13,1
1394,8,8,1
1395,15,15,1
1396,5,5,1
1397,17,17,1
1398,19,19,1
1399,19,10,1
1400,7,17,1
1401,8,8,1
1402,7,7,1
1403,13,13,1
1404,19,19,1
1405,8,8,1
1406,8,8,1
1407,17,7,1
1408,18,18,1
1409,16,16,1
1410,18,18,1
1411,17,7,1
1412,15,15,1
1413,17,17,1
1414,14,14,1
1415,19,19,1
1416,18,18,1
1417,16,16,1
1418,7,17,1
1419,16,16,1
1420,13,13,1
1421,7,7,1
1422,10,10,1
1423,17,19,1
1424,19,19,1
1425,11,11,1
1426,19,10,1
1427,8,8,1
1428,19,10,1
1429,19,19,1
1430,17,17,1
1431,3,1,1
1432,18,18,1
1433,19,10,1
1434,16,16,1
1435,19,19,1
1436,10,10,1
1437,14,14,1
1438,15,15,1
1439,7,7,1
1440,9,9,1
1441,8,8,1
1442,18,18,1
1443,16,16,1
1444,17,17,1
1445,18,18,1
1446,7,7,1
1447,19,10,1
1448,7,17,1
1449,19,19,1
1450,11,13,1
1451,18,18,1
1452,16,16,1
1453,19,19,1
1454,15,15,1
1455,16,7,1
1456,19,19,1
1457,17,17,1
1458,7,7,1
1459,13,13,1
1460,4,4,1
1461,7,7,1
1462,10,10,1
1463,8,8,1
1464,15,15,1
1465,19,19,1
1466,13,13,1
1467,16,16,1
1468,16,18,1
1469,7,7,1
1470,16,16,1
1471,11,11,1
1472,8,8,1
1473,8,8,1
1474,8,8,1
1475,8,8,1
1476,18,18,1
1477,5,5,1
1478,8,8,1
1479,19,19,1
1480,7,7,1
1481,16,16,1
1482,16,18,1
1483,7,7,1
1484,5,5,1
1485,19,10,1
1486,17,4,1
1487,16,16,1
1488,17,17,1
1489,7,7,1
1490,5,5,1
1491,16,16,1
1492,7,7,1
1493,7,7,1
1494,8,8,1
1495,17,7,1
1496,8,8,1
1497,15,15,1
1498,16,16,1
1499,17,17,1
1500,11,11,1
1501,19,19,1
1502,17,17,1
1503,7,7,1
1504,19,19,1
1505,8,8,1
1506,17,7,1
1507,17,10,1
1508,19,10,1
1509,18,18,1
1510,19,19,1
1511,7,7,1
1512,7,7,1
1513,19,19,1
1514,11,11,1
1515,7,3,1
1516,17,18,1
1517,14,14,1
1518,8,8,1
1519,18,18,1
1520,10,10,1
1521,16,18,1
1522,18,7,1
1523,17,7,1
1524,7,7,1
1525,17,7,1
1526,19,19,1
1527,18,18,1
1528,5,5,1
1529,17,4,1
1530,19,19,1
1531,7,7,1
1532,12,11,1
1533,15,15,1
1534,19,19,1
1535,5,5,1
1536,17,17,1
1537,12,12,1
1538,8,8,1
1539,7,7,1
1540,17,17,1
1541,19,19,1
1542,8,8,1
1543,5,5,1
1544,7,7,1
1545,17,17,1
1546,17,17,1
1547,15,15,1
1548,10,10,1
1549,5,5,1
1550,7,7,1
1551,7,7,1
1552,7,7,1
1553,16,16,1
1554,19,19,1
1555,19,19,1
1556,19,19,1
1557,19,19,1
1558,4,4,1
1559,16,16,1
1560,19,19,1
1561,10,19,1
1562,17,10,1
1563,17,17,1
1564,19,19,1
1565,17,7,1
1566,17,7,1
1567,8,8,1
1568,7,7,1
1569,16,16,1
1570,19,10,1
1571,19,19,1
1572,8,8,1
1573,16,16,1
1574,16,16,1
1575,19,19,1
1576,16,16,1
1577,17,18,1
1578,5,5,1
1579,8,8,1
1580,19,10,1
1581,7,7,1
1582,8,8,1
1583,19,10,1
1584,18,18,1
1585,16,16,1
1586,13,13,1
1587,7,7,1
1588,18,18,1
1589,7,7,1
1590,8,8,1
1591,19,19,1
1592,8,8,1
1593,7,7,1
1594,8,8,1
1595,17,4,1
1596,19,19,1
1597,17,7,1
1598,12,12,1
1599,17,17,1
1600,7,7,1
1601,16,16,1
1602,19,19,1
1603,18,0,1
1604,19,19,1
1605,8,8,1
1606,8,8,1
1607,5,5,1
1608,8,8,1
1609,10,10,1
1610,16,16,1
1611,7,7,1
1612,19,10,1
1613,13,13,1
1614,7,7,1
1615,16,16,1
1616,19,10,1
1617,4,4,1
1618,18,18,1
1619,6,6,1
1620,16,16,1
1621,17,17,1
1622,17,7,1
1623,5,7,1
1624,16,18,1
1625,8,8,1
1626,19,3,1
1627,7,7,1
1628,19,10,1
1629,10,10,1
1630,8,8,1
1631,16,18,1
1632,8,8,1
1633,5,19,1
1634,16,16,1
1635,4,2,1
1636,7,17,1
1637,8,8,1
1638,7,17,1
1639,7,7,1
1640,19,19,1
1641,17,7,1
1642,18,18,1
1643,11,11,1
1644,18,18,1
1645,10,10,1
1646,15,15,1
1647,8,8,1
1648,19,19,1
1649,16,16,1
1650,18,18,1
1651,19,10,1
1652,12,12,1
1653,8,8,1
1654,8,8,1
1655,8,8,1
1656,7,7,1
1657,7,7,1
1658,4,1,1
1659,7,7,1
1660,17,7,1
1661,19,10,1
1662,14,14,1
1663,19,19,1
1664,16,16,1
1665,4,19,1
1666,16,16,1
1667,18,18,1
1668,5,5,1
1669,19,19,1
1670,19,19,1
1671,17,7,1
1672,7,7,1
1673,18,18,1
1674,7,7,1
1675,15,15,1
1676,19,19,1
1677,8,8,1
1678,19,10,1
1679,19,10,1
1680,16,16,1
1681,12,12,1
1682,18,18,1
1683,15,15,1
1684,11,11,1
1685,7,7,1
1686,7,7,1
1687,15,15,1
1688,16,16,1
1689,19,19,1
1690,8,8,1
1691,15,15,1
1692,7,7,1
1693,10,10,1
1694,18,18,1
1695,19,19,1
1696,17,7,1
1697,5,5,1
1698,7,7,1
1699,10,10,1
1700,19,10,1
1701,7,4,1
1702,16,16,1
1703,17,17,1
1704,8,8,1
1705,17,7,1
1706,18,18,1
1707,17,17,1
1708,16,16,1
1709,8,8,1
1710,17,17,1
1711,17,17,1
1712,17,17,1
1713,10,10,1
1714,8,8,1
1715,5,5,1
1716,16,16,1
1717,18,18,1
1718,17,10,1
1719,19,19,1
1720,8,8,1
1721,19,19,1
1722,10,10,1
1723,19,19,1
1724,7,7,1
1725,4,17,1
1726,7,7,1
1727,8,8,1
1728,14,14,1
1729,18,18,1
1730,8,8,1
1731,13,12,1
1732,8,8,1
1733,16,16,1
1734,19,3,1
1735,8,8,1
1736,15,15,1
1737,4,5,1
1738,16,16,1
1739,7,7,1
1740,7,7,1
1741,19,19,1
1742,19,19,1
1743,8,8,1
1744,16,16,1
1745,15,15,1
1746,17,17,1
1747,17,4,1
1748,10,10,1
1749,19,19,1
1750,7,9,1
1751,7,7,1
1752,19,19,1
1753,5,5,1
1754,8,8,1
1755,7,7,1
1756,17,17,1
1757,7,7,1
1758,17,7,1
1759,17,17,1
1760,18,18,1
1761,7,7,1
1762,5,5,1
1763,17,7,1
1764,19,19,1
1765,19,10,1
1766,7,7,1
1767,7,7,1
1768,17,7,1
1769,16,16,1
1770,16,16,1
1771,18,18,1
1772,19,19,1
1773,7,7,1
1774,8,8,1
1775,7,7,1
1776,16,18,1
1777,18,18,1
1778,8,8,1
1779,19,19,1
1780,7,17,1
1781,17,7,1
1782,8,8,1
1783,19,19,1
1784,10,10,1
1785,4,4,1
1786,11,11,1
1787,7,7,1
1788,7,7,1
1789,17,17,1
1790,19,19,1
1791,7,7,1
1792,7,7,1
1793,15,15,1
1794,10,10,1
1795,8,8,1
1796,8,8,1
1797,8,8,1
1798,16,16,1
1799,17,17,1
1800,10,10,1
1801,15,15,1
1802,16,5,1
1803,17,7,1
1804,4,6,1
1805,17,17,1
1806,19,10,1
1807,7,18,1
1808,10,10,1
1809,14,14,1
1810,19,19,1
1811,13,13,1
1812,8,8,1
1813,8,8,1
1814,19,19,1
1815,19,19,1
1816,19,19,1
1817,16,16,1
1818,11,11,1
1819,6,6,1
1820,14,14,1
1821,18,18,1
1822,5,5,1
1823,18,18,1
1824,18,18,1
1825,1,6,1
1826,3,1,1
1827,16,16,1
1828,19,10,1
1829,7,7,1
1830,19,19,1
1831,8,8,1
1832,8,8,1
1833,18,16,1
1834,19,19,1
1835,18,18,1
1836,7,7,1
1837,15,15,1
1838,19,19,1
1839,16,16,1
1840,18,18,1
1841,16,18,1
1842,17,17,1
1843,15,15,1
1844,19,19,1
1845,17,17,1
1846,14,14,1
1847,16,16,1
1848,19,19,1
1849,17,17,1
1850,18,18,1
1851,8,8,1
1852,18,18,1
1853,13,18,1
1854,7,7,1
1855,8,8,1
1856,5,5,1
1857,4,4,1
1858,17,17,1
1859,17,19,1
1860,8,8,1
1861,7,7,1
1862,7,7,1
1863,19,19,1
1864,19,19,1
1865,19,10,1
1866,13,13,1
1867,11,11,1
1868,17,17,1
1869,19,19,1
1870,17,17,1
1871,19,10,1
1872,8,8,1
1873,17,8,1
1874,17,7,1
1875,10,10,1
1876,7,7,1
1877,11,11,1
1878,11,11,1
1879,7,17,1
1880,7,7,1
1881,10,10,1
1882,18,18,1
1883,10,10,1
1884,5,5,1
1885,18,18,1
1886,19,10,1
1887,15,15,1
1888,19,19,1
1889,7,7,1
1890,19,10,1
1891,18,18,1
1892,13,13,1
1893,7,7,1
1894,7,7,1
1895,7,7,1
1896,19,19,1
1897,8,8,1
1898,19,19,1
1899,16,16,1
1900,16,16,1
1901,18,18,1
1902,7,7,1
1903,19,19,1
1904,18,18,1
1905,4,19,1
1906,19,19,1
1907,16,16,1
1908,7,9,1
1909,17,7,1
1910,8,8,1
1911,15,15,1
1912,7,17,1
1913,19,10,1
1914,7,7,1
1915,7,7,1
1916,17,7,1
1917,19,19,1
1918,10,19,1
1919,16,16,1
1920,7,2,1
1921,11,12,1
1922,17,17,1
1923,15,15,1
1924,8,8,1
1925,6,6,1
1926,7,7,1
1927,16,16,1
1928,11,11,1
1929,14,14,1
1930,8,8,1
1931,16,16,1
1932,19,19,1
1933,8,8,1
1934,10,10,1
1935,17,17,1
1936,14,14,1
1937,7,5,1
1938,7,7,1
1939,16,18,1
1940,19,19,1
1941,7,7,1
1942,8,8,1
1943,15,15,1
1944,19,10,1
1945,7,7,1
1946,8,8,1
1947,8,8,1
1948,7,7,1
1949,16,16,1
1950,7,7,1
1951,18,7,1
1952,7,5,1
1953,17,17,1
1954,15,15,1
1955,19,19,1
1956,18,18,1
1957,8,8,1
1958,16,16,1
1959,11,11,1
1960,11,11,1
1961,5,5,1
1962,14,14,1
1963,19,10,1
1964,16,16,1
1965,7,5,1
1966,4,4,1
1967,19,19,1
1968,7,7,1
1969,19,10,1
1970,17,17,1
1971,8,8,1
1972,7,17,1
1973,19,19,1
1974,18,18,1
1975,19,10,1
1976,14,14,1
1977,11,11,1
1978,7,5,1
1979,14,14,1
1980,8,8,1
1981,8,8,1
1982,7,7,1
1983,3,6,1
1984,7,7,1
1985,19,10,1
1986,19,19,1
1987,14,14,1
1988,16,7,1
1989,17,17,1
1990,11,11,1
1991,10,10,1
1992,18,7,1
1993,16,16,1
1994,3,19,1
1995,18,18,1
1996,15,15,1
1997,11,11,1
1998,19,19,1
1999,19,19,1
2000,8,8,1
2001,4,5,1
2002,19,19,1
2003,11,11,1
2004,5,5,1
2005,7,7,1
2006,14,14,1
2007,14,14,1
2008,7,7,1
2009,5,5,1
2010,14,14,1
2011,8,8,1
2012,19,19,1
2013,18,18,1
2014,5,5,1
2015,15,15,1
2016,7,3,1
2017,17,17,1
2018,4,4,1
2019,17,17,1
2020,16,16,1
2021,7,7,1
2022,19,19,1
2023,19,19,1
2024,8,8,1
2025,11,11,1
2026,19,19,1
2027,7,7,1
2028,19,19,1
2029,17,7,1
2030,17,17,1
2031,7,16,1
2032,11,11,1
2033,18,18,1
2034,10,10,1
2035,19,19,1
2036,10,10,1
2037,17,17,1
2038,19,19,1
2039,10,10,1
2040,1,1,1
2041,19,19,1
2042,7,7,1
2043,13,11,1
2044,19,10,1
2045,8,8,1
2046,8,8,1
2047,8,8,1
2048,7,7,1
2049,7,7,1
2050,19,10,1
2051,8,8,1
2052,17,17,1
2053,4,4,1
2054,19,10,1
2055,8,8,1
2056,5,5,1
2057,16,16,1
2058,7,7,1
2059,5,5,1
2060,7,2,1
2061,17,17,1
2062,19,19,1
2063,19,10,1
2064,7,5,1
2065,19,11,1
2066,9,9,1
2067,18,19,1
2068,10,10,1
2069,5,5,1
2070,15,15,1
2071,8,8,1
2072,12,12,1
2073,8,8,1
2074,10,10,1
2075,18,18,1
2076,18,18,1
2077,11,13,1
2078,7,7,1
2079,5,5,1
2080,3,3,1
2081,16,16,1
2082,7,6,1
2083,19,10,1
2084,19,19,1
2085,19,19,1
2086,7,7,1
2087,5,5,1
2088,18,18,1
2089,7,7,1
2090,7,7,1
2091,7,7,1
2092,7,7,1
2093,16,16,1
2094,16,16,1
2095,15,15,1
2096,7,9,1
2097,18,18,1
2098,7,7,1
2099,8,8,1
2100,16,16,1
2101,7,7,1
2102,19,19,1
2103,16,16,1
2104,17,17,1
2105,15,15,1
2106,7,7,1
2107,8,8,1
2108,17,17,1
2109,8,8,1
2110,7,7,1
2111,18,16,1
2112,13,13,1
2113,11,13,1
2114,7,7,1
2115,7,7,1
2116,19,19,1
2117,7,7,1
2118,7,7,1
2119,16,16,1
2120,13,13,1
2121,7,7,1
2122,18,18,1
2123,8,8,1
2124,4,3,1
2125,19,19,1
2126,15,5,1
2127,12,12,1
2128,7,18,1
2129,13,11,1
2130,19,19,1
2131,16,16,1
2132,7,3,1
2133,16,16,1
2134,10,10,1
2135,11,11,1
2136,18,18,1
2137,5,5,1
2138,10,19,1
2139,19,19,1
2140,10,10,1
2141,18,18,1
2142,7,7,1
2143,7,17,1
2144,10,10,1
2145,17,7,1
2146,5,5,1
2147,8,8,1
2148,17,5,1
2149,16,18,1
2150,6,6,1
2151,14,14,1
2152,7,7,1
2153,18,18,1
2154,8,8,1
2155,11,11,1
2156,14,14,1
2157,8,8,1
2158,18,18,1
2159,8,8,1
2160,17,4,1
2161,17,17,1
2162,5,5,1
2163,17,7,1
2164,15,15,1
2165,14,14,1
2166,19,10,1
2167,8,8,1
2168,17,17,1
2169,4,5,1
2170,8,8,1
2171,16,7,1
2172,17,17,1
2173,17,7,1
2174,18,18,1
2175,16,16,1
2176,8,8,1
2177,18,18,1
2178,15,15,1
2179,10,10,1
2180,17,7,1
2181,7,7,1
2182,18,18,1
2183,7,3,1
2184,5,5,1
2185,19,19,1
2186,11,11,1
2187,17,7,1
2188,19,19,1
2189,15,15,1
2190,17,7,1
2191,17,6,1
2192,19,19,1
2193,7,17,1
2194,17,4,1
2195,16,6,1
2196,7,7,1
2197,17,17,1
2198,8,8,1
2199,17,17,1
2200,11,11,1
2201,19,19,1
2202,17,17,1
2203,7,7,1
2204,16,5,1
2205,19,19,1
2206,7,4,1
2207,8,8,1
2208,3,19,1
2209,15,15,1
2210,7,7,1
2211,19,19,1
2212,16,6,1
2213,8,8,1
2214,19,19,1
2215,16,16,1
2216,18,18,1
2217,15,15,1
2218,19,19,1
2219,3,6,1
2220,19,19,1
2221,17,17,1
2222,7,7,1
2223,14,14,1
2224,16,16,1
2225,19,19,1
2226,17,5,1
2227,16,16,1
2228,16,16,1
2229,16,16,1
2230,19,10,1
2231,13,13,1
2232,7,7,1
2233,17,17,1
2234,17,17,1
2235,5,5,1
2236,8,8,1
2237,8,8,1
2238,19,19,1
2239,16,16,1
2240,10,10,1
2241,5,5,1
2242,6,19,1
2243,16,16,1
2244,13,13,1
2245,8,8,1
2246,17,17,1
2247,19,4,1
2248,10,10,1
2249,17,17,1
2250,18,18,1
2251,16,16,1
2252,13,13,1
2253,17,17,1
2254,15,15,1
2255,7,7,1
2256,19,19,1
2257,10,19,1
2258,19,19,1
2259,16,18,1
2260,13,13,1
2261,17,4,1
2262,19,10,1
2263,7,7,1
2264,8,8,1
2265,8,8,1
2266,10,10,1
2267,5,5,1
2268,19,10,1
2269,5,5,1
2270,7,7,1
2271,7,7,1
2272,18,18,1
2273,14,14,1
2274,8,8,1
2275,19,19,1
2276,19,10,1
2277,14,14,1
2278,19,19,1
2279,10,10,1
2280,19,19,1
2281,7,7,1
2282,4,4,1
2283,5,5,1
2284,17,17,1
2285,8,8,1
2286,7,7,1
2287,7,18,1
2288,10,10,1
2289,7,7,1
2290,8,8,1
2291,7,7,1
2292,14,14,1
2293,10,10,1
2294,17,17,1
2295,10,10,1
2296,19,19,1
2297,16,18,1
2298,16,5,1
2299,17,17,1
2300,14,14,1
2301,15,15,1
2302,7,7,1
2303,7,17,1
2304,8,8,1
2305,17,17,1
2306,8,8,1
2307,17,17,1
2308,19,10,1
2309,7,7,1
2310,14,14,1
2311,19,19,1
2312,7,7,1
2313,19,19,1
2314,17,17,1
2315,7,7,1
2316,8,8,1
2317,8,8,1
2318,18,18,1
2319,16,19,1
2320,18,16,1
2321,18,18,1
2322,5,5,1
2323,7,7,1
2324,16,16,1
2325,17,19,1
2326,15,15,1
2327,8,8,1
2328,4,4,1
2329,10,10,1
2330,7,7,1
2331,19,19,1
2332,17,5,1
2333,15,15,1
2334,18,18,1
2335,11,11,1
2336,8,8,1
2337,14,14,1
2338,19,10,1
2339,8,8,1
2340,7,7,1
2341,18,18,1
2342,7,7,1
2343,19,19,1
2344,14,14,1
2345,10,10,1
2346,17,17,1
2347,18,18,1
2348,7,7,1
2349,10,10,1
2350,7,7,1
2351,17,8,1
2352,7,17,1
2353,7,7,1
2354,7,7,1
2355,8,8,1
2356,7,7,1
2357,17,17,1
2358,8,8,1
2359,19,19,1
2360,18,18,1
2361,8,8,1
2362,13,12,1
2363,13,13,1
2364,8,8,1
2365,8,8,1
2366,7,7,1
2367,7,7,1
2368,17,17,1
2369,7,7,1
2370,8,8,1
2371,8,8,1
2372,10,10,1
2373,17,17,1
2374,8,8,1
2375,18,18,1
2376,7,7,1
2377,7,7,1
2378,8,8,1
2379,18,18,1
2380,11,11,1
2381,7,7,1
2382,11,11,1
2383,19,19,1
2384,7,17,1
2385,8,8,1
2386,14,14,1
2387,17,17,1
2388,15,15,1
2389,19,19,1
2390,19,19,1
2391,16,16,1
2392,18,18,1
2393,8,8,1
2394,12,12,1
2395,7,7,1
2396,18,18,1
2397,7,7,1
2398,8,8,1
2399,19,10,1
2400,10,10,1
2401,5,15,1
2402,7,7,1
2403,19,19,1
2404,17,17,1
2405,16,16,1
2406,7,7,1
2407,15,15,1
2408,7,7,1
2409,7,7,1
2410,16,16,1
2411,17,17,1
2412,19,19,1
2413,16,16,1
2414,8,8,1
2415,8,8,1
2416,19,19,1
2417,18,18,1
2418,8,8,1
2419,7,4,1
2420,4,4,1
2421,16,16,1
2422,19,19,1
2423,16,16,1
2424,19,19,1
2425,10,19,1
2426,11,13,1
2427,7,7,1
2428,19,10,1
2429,8,8,1
2430,17,17,1
2431,19,10,1
2432,8,8,1
2433,8,8,1
2434,17,17,1
2435,10,10,1
2436,7,4,1
2437,5,5,1
2438,8,8,1
2439,15,15,1
2440,5,5,1
2441,16,16,1
2442,19,19,1
2443,19,19,1
2444,7,7,1
2445,19,19,1
2446,18,18,1
2447,13,14,1
2448,16,16,1
2449,14,14,1
2450,19,19,1
2451,14,14,1
2452,7,7,1
2453,2,2,1
2454,19,19,1
2455,17,17,1
2456,8,8,1
2457,16,16,1
2458,10,19,1
2459,7,7,1
2460,7,17,1
2461,11,11,1
2462,10,10,1
2463,7,7,1
2464,19,19,1
2465,10,10,1
2466,16,12,1
2467,19,19,1
2468,8,8,1
2469,15,15,1
2470,7,7,1
2471,8,8,1
2472,8,8,1
2473,7,7,1
2474,5,5,1
2475,17,17,1
2476,17,17,1
2477,16,16,1
2478,16,16,1
2479,16,18,1
2480,14,14,1
2481,19,10,1
2482,7,7,1
2483,19,19,1
2484,18,18,1
2485,7,7,1
2486,7,7,1
2487,17,17,1
2488,15,15,1
2489,8,8,1
2490,17,17,1
2491,10,10,1
2492,18,6,1
2493,19,19,1
2494,7,7,1
2495,18,18,1
2496,18,18,1
2497,8,8,1
2498,17,17,1
2499,8,8,1
2500,17,7,1
2501,18,18,1
2502,19,19,1
2503,19,19,1
2504,19,10,1
2505,19,19,1
2506,15,15,1
2507,17,17,1
2508,19,19,1
2509,5,5,1
2510,5,5,1
2511,7,7,1
2512,13,13,1
2513,17,17,1
2514,5,5,1
2515,7,17,1
2516,8,8,1
2517,19,19,1
2518,15,15,1
2519,15,15,1
2520,8,8,1
2521,11,11,1
2522,19,10,1
2523,7,18,1
2524,8,8,1
2525,3,6,1
2526,7,7,1
2527,8,8,1
2528,13,13,1
2529,19,19,1
2530,19,19,1
2531,7,7,1
2532,19,19,1
2533,19,19,1
2534,19,10,1
2535,7,7,1
2536,7,5,1
2537,7,7,1
2538,7,7,1
2539,8,8,1
2540,10,10,1
2541,5,5,1
2542,5,5,1
2543,7,7,1
2544,7,7,1
2545,18,18,1
2546,10,10,1
2547,7,7,1
2548,15,5,1
2549,19,19,1
2550,19,19,1
2551,7,7,1
2552,7,17,1
2553,19,19,1
2554,7,7,1
2555,18,18,1
2556,16,7,1
2557,7,2,1
2558,17,17,1
2559,7,7,1
2560,18,7,1
2561,17,17,1
2562,17,17,1
2563,4,4,1
2564,19,19,1
2565,7,7,1
2566,19,19,1
2567,18,18,1
2568,8,8,1
2569,4,5,1
2570,17,7,1
2571,11,11,1
2572,8,8,1
2573,7,4,1
2574,13,13,1
2575,18,16,1
2576,6,19,1
2577,7,7,1
2578,10,10,1
2579,19,19,1
2580,18,16,1
2581,19,10,1
2582,13,13,1
2583,11,11,1
2584,8,8,1
2585,7,17,1
2586,7,7,1
2587,8,8,1
2588,4,4,1
2589,19,19,1
2590,17,17,1
2591,7,17,1
2592,7,7,1
2593,18,18,1
2594,19,19,1
2595,7,7,1
2596,19,19,1
2597,7,7,1
2598,12,12,1
2599,11,11,1
2600,8,8,1
2601,10,10,1
2602,14,14,1
2603,8,8,1
2604,7,7,1
2605,8,8,1
2606,7,7,1
2607,8,8,1
2608,19,19,1
2609,17,7,1
2610,7,7,1
2611,16,16,1
2612,19,19,1
2613,15,15,1
2614,6,16,1
2615,13,11,1
2616,8,8,1
2617,10,10,1
2618,5,5,1
2619,8,8,1
2620,19,19,1
2621,5,5,1
2622,17,7,1
2623,8,8,1
2624,6,7,1
2625,8,8,1
2626,7,7,1
2627,18,18,1
2628,19,19,1
2629,11,11,1
