,predicted,real,prob
0,0,1,0.937
1,0,0,0.9978
2,0,1,0.965
3,1,1,0.9977
4,0,0,0.9933
5,0,0,0.9983
6,1,1,0.8604
7,0,0,0.9998
8,1,1,0.9961
9,0,0,0.9993
10,0,0,0.9937
11,0,0,0.9926
12,0,1,0.9995
13,1,0,0.8534
14,0,0,0.9985
15,0,0,0.9572
16,0,0,0.7867
17,0,1,0.5818
18,0,0,0.9995
19,1,0,0.7816
20,1,1,0.9972
21,0,0,0.802
22,1,0,0.9036
23,1,1,0.9707
24,1,1,0.7464
25,1,1,0.9771
26,0,0,0.996
27,0,0,0.9851
28,0,0,0.9995
29,0,0,0.9426
30,0,0,0.9852
31,0,0,0.9996
32,0,0,1.0
33,0,0,0.99
34,1,1,0.7313
35,1,1,0.9805
36,1,1,0.9226
37,1,1,0.8599
38,0,1,0.504
39,0,0,0.9728
40,0,1,0.7211
41,1,1,0.935
42,0,0,0.9985
43,0,0,0.9933
44,0,0,0.9591
45,0,0,0.9947
46,0,0,0.9839
47,0,0,0.9898
48,0,0,0.9972
49,0,0,0.9997
50,0,0,0.9743
51,0,0,0.9998
52,0,0,0.9962
53,0,1,0.6461
54,0,0,0.843
55,0,0,0.9998
56,0,0,0.9724
57,1,1,0.8995
58,0,0,0.9992
59,1,1,0.969
60,1,1,0.9682
61,0,0,1.0
62,1,0,0.9598
63,0,0,0.9997
64,1,0,0.7186
65,0,0,0.9974
66,0,0,0.9657
67,1,1,0.9715
68,0,0,0.9267
69,1,1,0.8128
70,0,0,0.9999
71,0,0,0.8945
72,0,0,0.996
73,0,0,0.5248
74,1,1,0.9702
75,0,0,1.0
76,0,0,0.6078
77,0,1,0.9198
78,0,1,0.643
79,0,0,0.9844
80,0,0,0.7608
81,0,0,0.8101
82,0,0,0.9712
83,0,0,0.9464
84,0,0,0.7136
85,1,0,0.6767
86,1,0,0.5384
87,0,0,0.9994
88,0,0,0.9987
89,0,0,0.9983
90,1,0,0.7456
91,0,0,0.5602
92,0,0,0.9938
93,0,0,0.9991
94,0,0,0.9901
95,0,0,0.9855
96,1,1,0.781
97,0,1,0.7885
98,1,1,0.8423
99,0,0,0.7272
100,1,1,0.8676
101,0,0,0.8481
102,1,1,0.9082
103,0,0,0.9995
104,1,1,0.9553
105,0,0,0.9476
106,0,0,0.9463
107,0,0,0.9999
108,0,0,0.9893
109,0,0,0.9997
110,0,0,0.8397
111,0,0,0.9943
112,1,0,0.8316
113,0,0,0.9873
114,0,0,0.9641
115,0,0,0.9958
116,1,1,0.7825
117,1,1,0.9713
118,1,1,0.5352
119,0,1,0.9446
120,0,0,0.9992
121,0,0,0.7235
122,1,1,0.9038
123,1,1,0.6993
124,0,0,0.9999
125,1,0,0.6426
126,0,0,0.968
127,1,1,0.6008
128,0,0,0.835
129,0,0,0.9998
130,0,0,0.9981
131,0,0,0.9999
132,1,1,0.9737
133,1,1,0.8196
134,0,0,0.9995
135,1,0,0.9519
136,1,0,0.7583
137,0,0,0.9997
138,1,1,0.7265
139,0,0,0.9895
140,0,0,0.9986
141,1,1,0.996
142,0,0,0.8882
143,0,1,0.6971
144,1,1,0.9643
145,0,0,0.9998
146,1,0,0.5217
147,0,1,0.6716
148,1,1,0.6593
149,0,1,0.8945
150,0,0,0.9984
151,1,1,0.8982
152,1,1,0.9579
153,1,0,0.5781
154,0,0,0.8823
155,0,0,0.9879
156,0,0,0.9957
157,0,0,0.921
158,0,0,0.9961
159,0,0,0.9829
160,0,0,0.9373
161,1,1,0.9496
162,0,1,0.6059
163,0,0,0.9751
164,0,0,0.7336
165,0,0,0.9997
166,0,0,0.9993
167,1,0,0.779
168,1,0,0.6049
169,0,1,0.8693
170,0,0,0.9783
171,1,1,0.7993
172,1,0,0.6884
173,0,0,0.9998
174,0,0,0.9976
175,0,0,0.9939
176,1,1,0.9784
177,0,0,0.9997
178,0,0,0.9877
179,0,0,0.9949
180,0,0,0.9994
181,0,0,0.9966
182,1,0,0.7211
183,0,0,0.9999
184,0,0,0.9894
185,1,1,0.8271
186,0,0,0.9999
187,1,0,0.9514
188,1,0,0.8547
189,0,0,0.9847
190,1,1,0.7466
191,0,0,0.9996
192,0,0,0.9269
193,1,1,0.7917
194,0,0,0.9991
195,1,1,0.6703
196,0,0,0.9814
197,0,0,0.9965
198,1,1,0.9676
199,1,0,0.8394
200,0,0,0.9747
201,1,1,0.9477
202,1,1,0.8664
203,0,0,0.9327
204,0,0,0.9853
205,0,0,0.9987
206,0,0,0.7086
207,1,1,0.8043
208,0,0,0.9963
209,0,0,0.9967
210,0,0,0.5891
211,0,0,0.9996
212,1,1,0.9787
213,0,0,0.8686
214,1,1,0.9876
215,0,0,0.9632
216,0,0,0.9966
217,0,0,0.9999
218,0,0,0.9341
219,1,0,0.7486
220,0,0,0.9692
221,1,1,0.9475
222,0,1,0.9151
223,1,1,0.9833
224,1,1,0.8617
225,0,0,0.9998
226,1,1,0.9957
227,1,1,0.9016
228,1,1,0.9102
229,0,0,0.9067
230,1,1,0.9729
231,1,1,0.8112
232,1,1,0.9175
233,0,0,0.9483
234,1,1,0.9896
235,1,0,0.7381
236,0,0,0.9968
237,0,0,0.7335
238,1,1,0.5479
239,0,0,0.9257
240,1,0,0.7756
241,1,1,0.7116
242,0,0,0.9845
243,1,0,0.763
244,0,0,0.9993
245,0,0,0.8794
246,0,0,0.9999
247,0,0,0.9955
248,0,0,0.8042
249,0,0,0.9591
250,0,0,0.9714
251,0,0,0.8032
252,0,0,0.9992
253,0,1,0.575
254,0,0,0.9835
255,0,1,0.5287
256,0,0,0.98
257,0,0,0.9848
258,1,1,0.5681
259,0,0,0.9976
260,0,0,0.9992
261,0,0,0.9857
262,0,0,0.6993
263,0,0,0.9991
264,1,1,0.9871
265,1,1,0.7124
266,0,0,0.5769
267,0,0,0.5285
268,1,1,0.9236
269,0,0,0.9829
270,0,0,0.9985
271,1,1,0.6697
272,0,1,0.9426
273,0,0,0.9998
274,0,0,0.953
275,0,1,0.7744
276,0,0,0.9725
277,0,0,0.9558
278,0,0,0.9124
279,0,0,0.9515
280,0,0,0.9998
281,0,0,0.8867
282,0,0,0.9587
283,1,0,0.9412
284,0,0,0.9996
285,0,0,0.9994
286,1,1,0.9913
287,0,0,0.9998
288,0,0,0.999
289,0,1,0.6116
290,0,0,0.9984
291,0,1,0.6363
292,0,0,0.6072
293,1,0,0.6712
294,0,0,0.9851
295,0,0,0.9998
296,1,1,0.9671
297,0,0,0.9795
298,0,0,0.9989
299,0,0,0.9997
300,0,0,0.9955
301,1,1,0.9701
302,0,0,0.7572
303,0,0,0.9999
304,1,0,0.9266
305,0,1,0.6273
306,0,0,0.7882
307,1,0,0.6012
308,0,0,0.9888
309,0,0,1.0
310,0,1,0.8362
311,0,0,0.9002
312,0,0,0.8392
313,0,0,0.9539
314,0,0,0.9991
315,0,0,0.9938
316,1,1,0.6366
317,0,0,0.9997
318,1,1,0.9459
319,0,0,0.9992
320,0,0,0.991
321,0,0,1.0
322,0,0,1.0
323,0,0,0.9946
324,1,0,0.7855
325,0,0,0.9902
326,0,0,0.9815
327,0,0,0.9988
328,0,0,1.0
329,0,0,0.9191
330,0,0,0.9847
331,0,0,0.9657
332,0,0,0.9999
333,0,0,0.8153
334,0,0,0.9943
335,1,0,0.9635
336,1,1,0.9762
337,0,0,0.9919
338,0,0,0.9999
339,1,1,0.9267
340,0,0,0.999
341,0,0,0.9743
342,0,0,0.9958
343,0,0,0.9596
344,0,0,0.9985
345,0,0,0.9899
346,0,0,0.9001
347,0,0,0.8424
348,1,0,0.6105
349,0,0,0.9975
350,0,1,0.9961
351,1,1,0.8744
352,0,0,0.9999
353,0,1,0.5896
354,0,0,0.9989
355,0,0,0.9999
356,0,0,1.0
357,0,0,0.9915
358,0,0,0.9996
359,0,0,0.9333
360,0,0,0.9987
361,1,1,0.9337
362,0,0,0.9712
363,0,1,0.9466
364,0,1,0.9104
365,0,0,0.6864
366,0,0,0.7967
367,1,1,0.9717
368,0,0,0.9998
369,0,0,0.9995
370,0,0,0.9329
371,0,0,0.9792
372,1,0,0.5938
373,1,1,0.9264
374,0,0,0.9896
375,0,1,0.959
376,0,0,0.9986
377,0,0,0.9997
378,0,0,0.9982
379,0,0,0.9873
380,0,0,0.9598
381,1,1,0.8289
382,0,1,0.9288
383,0,0,0.7949
384,0,0,1.0
385,1,1,0.7716
386,0,0,0.9785
387,0,0,0.9876
388,1,1,0.9529
389,0,0,0.9646
390,0,0,0.9972
391,0,0,0.7662
392,1,0,0.7908
393,0,0,0.9312
394,0,0,0.9979
395,0,0,0.9875
396,0,0,0.9996
397,0,0,0.9999
398,0,0,0.7279
399,0,0,0.9963
400,1,1,0.9543
401,0,0,0.995
402,0,0,0.5674
403,0,0,0.9913
404,0,0,0.9999
405,0,0,0.9997
406,0,0,0.9983
407,0,0,0.9998
408,0,0,0.6487
409,0,0,0.9884
410,1,1,0.9913
411,1,1,0.9859
412,0,0,0.8964
413,0,1,0.7313
414,0,0,0.9954
415,0,0,0.9941
416,0,0,0.9988
417,1,0,0.9419
418,0,0,0.9777
419,0,0,0.9998
420,0,0,0.967
421,1,1,0.8411
422,0,0,0.9988
423,0,0,0.9613
424,0,0,0.9921
425,0,0,0.9991
426,0,0,0.9416
427,1,1,0.9922
428,1,1,0.9343
429,0,0,0.9526
430,0,0,0.9993
431,1,1,0.9668
432,0,0,0.9998
433,0,1,0.5788
434,0,0,0.9647
435,0,0,0.9999
436,0,0,0.9951
437,0,0,0.909
438,0,0,0.9988
439,0,0,0.9495
440,1,1,0.9458
441,1,1,0.8207
442,0,0,0.9908
443,0,0,0.9885
444,0,0,0.9451
445,0,0,0.774
446,0,0,0.9938
447,0,0,0.9757
448,1,0,0.9157
449,0,0,0.9937
450,1,1,0.854
451,1,0,0.8343
452,0,0,0.9993
453,0,0,0.9995
454,1,1,0.7381
455,0,0,0.9671
456,0,0,0.9943
457,0,0,0.9964
458,0,0,0.9748
459,1,1,0.8497
460,0,0,0.9683
461,0,0,0.9992
462,0,0,0.9934
463,1,0,0.6955
464,0,0,0.7416
465,0,0,0.9991
466,0,0,0.9845
467,1,1,0.9542
468,1,1,0.9907
469,0,0,0.7072
470,1,0,0.6649
471,0,0,0.9995
472,1,1,0.7867
473,0,0,0.9945
474,0,0,0.7721
475,0,0,0.9999
476,1,1,0.6094
477,1,1,0.7808
478,0,1,0.7763
479,0,0,0.6075
480,0,1,0.5901
481,1,1,0.8959
482,0,0,1.0
483,0,0,0.6161
484,1,1,0.9927
485,0,0,0.5963
486,0,0,0.9988
487,0,0,0.9914
488,1,1,0.9952
489,0,0,0.9995
490,0,1,0.5994
491,0,0,0.9756
492,0,0,0.9999
493,0,0,0.9989
494,1,1,0.9985
495,0,0,0.9999
496,0,0,0.9715
497,0,1,0.8935
498,0,0,0.9336
499,1,0,0.7716
500,0,0,0.9985
501,0,0,0.6408
502,1,0,0.7229
503,0,0,0.6137
504,0,0,0.9769
505,0,0,0.9995
506,0,0,0.9888
507,0,0,0.9992
508,0,0,0.9891
509,1,0,0.6013
510,0,0,0.7662
511,1,1,0.9847
512,0,1,0.9301
513,0,0,0.5397
514,0,0,0.9507
515,1,1,0.5449
516,1,1,0.6139
517,0,0,1.0
518,1,1,0.7867
519,1,1,0.9107
520,0,0,0.9978
521,0,0,0.9951
522,1,0,0.7357
523,0,1,0.7574
524,0,0,0.8475
525,0,0,0.5047
526,0,0,0.9999
527,1,1,0.9941
528,1,1,0.8509
529,1,1,0.8997
530,1,1,0.9541
531,0,0,0.9987
532,0,0,0.9985
533,0,1,0.7259
534,0,0,0.893
535,0,0,0.9713
536,1,0,0.8871
537,0,0,0.9995
538,0,0,0.9269
539,0,0,0.9997
540,0,1,0.6668
541,1,1,0.9976
542,0,0,0.956
543,0,0,0.7479
544,1,1,0.9651
545,0,0,0.997
546,0,0,0.9139
547,0,0,0.6897
548,1,1,0.6708
549,0,1,0.6233
550,0,0,0.9971
551,0,0,0.9994
552,0,0,0.9415
553,0,1,0.9911
554,0,0,0.9822
555,1,1,0.9984
556,0,0,0.9961
557,0,0,0.9598
558,0,0,0.9996
559,0,0,0.917
560,0,0,0.9472
561,0,0,0.9999
562,0,0,0.9868
563,0,0,0.9977
564,0,0,0.9873
565,1,0,0.8982
566,0,0,0.9832
567,0,0,1.0
568,0,0,0.9715
569,1,1,0.9831
570,0,0,0.9999
571,0,1,0.9656
572,0,0,0.9874
573,1,1,0.9926
574,1,1,0.8757
575,0,0,0.9883
576,0,0,0.9982
577,1,1,0.9691
578,0,0,0.9963
579,1,1,0.9877
580,1,1,0.9866
581,1,0,0.842
582,0,0,0.9997
583,0,0,0.9996
584,1,1,0.8468
585,0,1,0.7932
586,0,0,0.9496
587,0,0,0.9919
588,0,0,0.9891
589,0,0,0.9903
590,0,0,0.9994
591,1,1,0.8919
592,0,0,0.9966
593,0,0,0.956
594,1,1,0.9639
595,0,0,0.9997
596,0,0,0.9979
597,1,1,0.9987
598,1,1,0.5772
599,0,1,0.9895
600,0,1,0.9654
601,0,0,1.0
602,1,1,0.9956
603,0,0,0.9303
604,1,1,0.968
605,0,0,0.9329
606,0,0,0.9997
607,0,0,0.9974
608,0,0,0.9802
609,1,0,0.7683
610,0,0,0.8707
611,1,1,0.9363
612,1,1,0.9645
613,0,0,0.9593
614,0,1,0.8418
615,0,0,0.9997
616,1,1,0.9846
617,0,0,0.9852
618,0,0,0.9894
619,0,0,0.9992
620,0,0,0.7222
621,0,0,0.9996
622,0,0,0.9986
623,0,0,0.9957
624,0,0,0.5875
625,0,0,0.9656
626,0,0,0.6263
627,1,1,0.8415
628,0,0,0.9991
629,1,1,0.9088
630,0,0,0.988
631,0,0,0.9964
632,0,0,0.8326
633,1,1,0.9855
634,0,0,0.876
635,0,0,0.8574
636,1,1,0.5173
637,1,1,0.7933
638,1,1,0.9519
639,1,1,0.9658
640,1,1,0.8987
641,0,0,0.9987
642,0,0,0.7645
643,0,0,0.999
644,1,1,0.6444
645,0,0,0.9672
646,0,0,0.9927
647,0,0,0.94
648,0,0,1.0
649,0,0,0.9996
650,0,0,0.6891
651,1,1,0.9152
652,0,0,0.9915
653,1,0,0.6466
654,0,0,0.9909
655,0,0,0.994
656,1,1,0.7471
657,1,1,0.9959
658,1,1,0.9921
659,0,0,0.9919
660,1,1,0.6393
661,1,0,0.7819
662,0,0,0.9997
663,0,0,0.9993
664,1,1,0.5491
665,0,0,0.9846
666,0,1,0.5147
667,1,1,0.8414
668,0,0,0.9995
669,0,0,0.9999
670,0,0,0.997
671,0,0,0.9996
672,0,0,0.9932
673,1,1,0.6233
674,0,0,0.9986
675,1,1,0.8543
676,0,0,0.9918
677,0,0,0.9928
678,0,0,0.9995
679,0,0,0.9988
680,0,0,0.9991
681,0,0,0.9533
682,0,0,0.529
683,1,1,0.9725
684,0,0,0.8345
685,0,0,0.9946
686,1,1,0.9984
687,0,1,0.7087
688,0,0,0.983
689,0,0,1.0
690,0,0,0.9999
691,0,0,0.9997
692,0,0,0.9742
693,1,1,0.9983
694,0,0,0.8578
695,0,1,0.9366
696,0,0,0.958
697,1,1,0.9356
698,0,0,0.9994
699,1,1,0.9043
700,1,1,0.8279
701,0,0,0.9993
702,0,0,0.9932
703,0,0,0.9948
704,0,0,1.0
705,0,0,0.7561
706,0,0,0.9997
707,0,0,0.8843
708,0,0,0.9835
709,0,0,0.9962
710,0,1,0.5079
711,0,0,0.9927
712,1,1,0.7101
713,1,1,0.9701
714,0,0,0.9994
715,0,0,0.8313
716,0,0,0.5229
717,0,0,0.9912
718,0,0,0.9446
719,1,1,0.9927
720,0,1,0.7757
721,0,0,0.9998
722,0,0,0.8933
723,0,1,0.5017
724,0,0,0.9911
725,0,0,0.9947
726,0,1,0.5602
727,1,1,0.9527
728,0,0,0.9999
729,0,0,0.924
730,0,0,0.9999
731,0,0,0.9997
732,0,0,0.9162
733,0,0,0.9992
734,0,1,0.5299
735,0,0,0.8678
736,0,0,0.938
737,0,0,0.9994
738,0,0,0.9997
739,0,0,0.9985
740,0,0,0.8998
741,0,0,0.9881
742,0,0,0.9999
743,0,0,0.9002
744,0,0,0.9991
745,0,0,0.9697
746,0,0,0.979
747,1,1,0.7689
748,0,0,0.9619
749,1,1,0.9793
750,0,0,0.9615
751,0,0,0.7858
752,0,0,0.9969
753,0,0,0.9992
754,1,1,0.7792
755,0,0,0.9801
756,0,0,0.9964
757,0,0,0.882
758,0,0,0.9994
759,0,0,0.8754
760,0,0,0.9893
761,0,0,0.9986
762,0,0,0.9037
763,0,0,0.9999
764,0,0,0.828
765,1,0,0.7081
766,0,0,0.9418
767,0,0,0.9993
768,0,0,0.9872
769,0,0,0.9985
770,1,1,0.894
771,0,0,0.9828
772,1,0,0.8255
773,0,0,0.9999
774,1,1,0.8644
775,0,0,0.9977
776,1,0,0.8394
777,0,0,0.9996
778,0,0,0.9644
779,0,0,0.9095
780,0,0,0.9956
781,0,1,0.9929
782,0,0,0.9965
783,1,0,0.9675
784,0,0,0.9482
785,0,0,0.9997
786,0,0,0.9991
787,1,1,0.5963
788,1,1,0.969
789,0,1,0.6956
790,0,0,0.9395
791,1,1,0.9323
792,0,0,0.9959
793,0,0,0.9976
794,1,1,0.9903
795,0,1,0.8826
796,0,0,0.9996
797,0,0,0.9953
798,1,1,0.9016
799,0,0,0.8547
800,0,0,0.9357
801,1,1,0.7491
802,0,0,0.9922
803,0,1,0.9294
804,1,0,0.755
805,0,1,0.6927
806,0,0,0.9917
807,0,0,0.9929
808,0,0,1.0
809,0,0,0.9999
810,0,0,0.9993
811,0,0,0.5208
812,0,1,0.9906
813,0,0,0.9453
814,1,1,0.994
815,0,0,0.9998
816,1,1,0.8759
817,0,0,0.993
818,0,0,0.8795
819,1,1,0.8984
820,0,0,0.9989
821,0,0,0.9997
822,0,0,0.9886
823,0,0,0.9982
824,0,0,0.9706
825,0,1,0.9444
826,0,0,0.9982
827,0,0,0.9995
828,0,0,0.998
829,0,0,0.9994
830,1,1,0.998
831,0,0,0.809
832,0,0,0.9763
833,0,0,0.9997
834,0,0,0.9999
835,0,0,0.9621
836,0,0,0.7182
837,0,0,0.9994
838,0,0,1.0
839,0,0,0.9952
840,0,0,0.9982
841,1,1,0.9028
842,0,0,0.9992
843,1,1,0.8398
844,1,1,0.8403
845,0,1,0.559
846,0,1,0.9314
847,1,1,0.8248
848,0,0,0.9974
849,0,0,0.9579
850,1,1,0.9875
851,0,0,0.9997
852,0,0,0.9336
853,0,0,0.9935
854,1,1,0.9339
855,1,1,0.9971
856,0,0,0.9955
857,1,1,0.8571
858,0,0,0.9994
859,0,1,0.9974
860,1,1,0.5406
861,0,0,0.9997
862,0,0,0.9765
863,1,1,0.9008
864,1,1,0.979
865,0,0,0.9986
866,1,1,0.6035
867,0,0,0.9904
868,0,0,0.9997
869,0,0,0.5112
870,0,0,0.9695
871,0,0,0.9652
872,0,0,0.9999
873,0,0,0.9104
874,0,0,1.0
875,0,0,0.7681
876,0,0,0.9154
877,0,0,0.9996
878,0,0,0.9999
879,0,0,0.9963
880,0,0,0.9749
881,0,0,0.8485
882,0,1,0.6649
883,1,0,0.9012
884,1,0,0.5352
885,1,1,0.943
886,0,0,0.9195
887,0,0,0.9976
888,1,0,0.6923
889,0,0,0.9992
890,1,0,0.8098
891,1,1,0.9713
892,0,0,0.9949
893,1,1,0.7295
894,1,1,0.9959
895,1,1,0.992
896,0,0,0.9945
897,0,0,0.9997
898,0,0,1.0
899,0,0,0.6419
900,1,1,0.9477
901,0,0,0.9999
902,1,1,0.9654
903,0,1,0.5468
904,1,1,0.9933
905,0,0,0.9998
906,0,0,1.0
907,0,0,0.9991
908,0,0,0.983
909,1,0,0.5911
910,0,0,0.9999
911,1,0,0.7557
912,1,1,0.6058
913,0,0,0.9998
914,1,1,0.9757
915,1,1,0.9465
916,1,1,0.9563
917,1,1,0.9787
918,0,0,0.9673
919,1,1,0.9922
920,0,0,0.9963
921,0,0,0.9999
922,1,0,0.9948
923,0,0,0.804
924,0,0,0.9999
925,0,0,0.9902
926,0,0,0.9981
927,1,1,0.9946
928,1,1,0.966
929,1,1,0.973
930,0,0,0.9945
931,1,1,0.9944
932,0,0,0.996
933,0,0,0.9646
934,0,1,0.5087
935,1,1,0.8563
936,0,0,0.9551
937,0,0,0.9933
938,0,1,0.5488
939,0,0,0.8806
940,0,0,0.9988
941,0,0,0.9972
942,1,1,0.9215
943,1,1,0.51
944,1,1,0.5457
945,0,0,0.9823
946,0,0,0.6603
947,0,0,0.9997
948,0,0,0.9973
949,0,0,0.9979
950,0,0,0.8684
951,1,1,0.9462
952,1,1,0.9406
953,0,0,0.9806
954,0,0,0.7414
955,0,0,0.9912
956,1,1,0.8872
957,0,0,0.9986
958,0,0,0.8769
959,0,1,0.7019
960,0,0,0.9624
961,1,1,0.8031
962,0,0,0.9712
963,1,0,0.551
964,0,0,0.9986
965,1,1,0.9905
966,1,1,0.9976
967,1,1,0.8513
968,1,1,0.9309
969,0,0,0.9978
970,0,1,0.7565
971,0,1,0.9096
972,0,0,0.9989
973,0,0,0.9949
974,0,0,0.9999
975,1,1,0.8598
976,0,0,0.9984
977,0,0,0.9704
978,0,0,0.9986
979,0,0,0.9999
980,1,1,0.9992
981,1,1,0.8991
982,0,0,0.9989
983,0,0,0.9878
984,0,0,0.9999
985,0,0,0.8761
986,0,0,0.9355
987,0,0,0.9668
988,0,0,0.9662
989,0,0,0.9999
990,0,0,0.9994
991,0,0,0.9996
992,0,0,0.9982
993,0,0,0.7102
994,0,0,0.9995
995,1,1,0.9889
996,1,1,0.9459
997,1,0,0.973
998,1,1,0.8546
999,1,1,0.8138
1000,0,0,0.9999
1001,0,0,0.9187
1002,1,1,0.96
1003,0,1,0.847
1004,0,0,0.9999
1005,0,0,0.9096
1006,0,0,0.9982
1007,1,1,0.8804
1008,1,1,0.8571
1009,0,0,1.0
1010,0,0,0.8886
1011,1,1,0.8998
1012,0,0,0.9973
1013,0,0,0.9979
1014,0,0,0.5585
1015,0,0,0.9984
1016,0,0,0.9995
1017,0,0,0.8975
1018,0,0,0.9623
1019,0,0,0.9996
1020,0,0,0.9994
1021,0,0,0.6207
1022,1,1,0.9943
1023,0,0,0.9384
1024,1,1,0.97
1025,1,1,0.9161
1026,1,1,0.953
1027,0,0,0.9548
1028,1,1,0.9399
1029,0,0,0.9989
1030,0,0,0.982
1031,0,1,0.5066
1032,1,0,0.6252
1033,0,0,0.7768
1034,1,1,0.9347
1035,0,0,0.9994
1036,1,1,0.8329
1037,1,1,0.6396
1038,0,0,0.9987
1039,0,0,0.9999
1040,1,1,0.9987
1041,0,0,0.9998
1042,0,0,0.9675
1043,0,0,0.9994
1044,1,1,0.681
1045,0,0,0.9999
1046,0,0,0.9989
1047,1,1,0.8158
1048,0,0,0.9429
1049,0,0,0.9993
1050,0,0,0.9451
1051,1,1,0.9878
1052,1,1,0.7747
1053,1,1,0.7586
1054,1,1,0.9474
1055,0,0,0.8424
1056,0,0,0.9988
1057,0,0,0.861
1058,1,0,0.5464
1059,0,0,0.9994
1060,1,1,0.5244
1061,0,1,0.6985
1062,0,0,0.9677
1063,0,1,0.5553
1064,0,0,0.9992
1065,0,0,0.9887
1066,0,1,0.7423
1067,1,1,0.9492
1068,1,1,0.9077
1069,1,1,0.822
1070,0,0,0.9197
1071,1,0,0.9662
1072,0,0,0.9999
1073,0,0,0.9986
1074,0,0,0.9998
1075,0,0,0.9964
1076,0,0,0.9955
1077,0,0,0.9685
1078,1,1,0.993
1079,1,1,0.9789
1080,0,0,0.8068
1081,0,1,0.5861
1082,0,1,0.9642
1083,0,1,0.5566
1084,0,0,0.8905
1085,0,0,1.0
1086,0,1,0.6818
1087,1,1,0.8046
1088,1,0,0.8868
1089,0,0,0.9941
1090,1,1,0.6429
1091,0,0,0.9977
1092,0,0,0.9997
1093,1,0,0.8588
1094,0,0,0.9998
1095,1,1,0.9973
1096,1,1,0.954
1097,0,0,0.9997
1098,0,0,0.8975
1099,1,1,0.9891
1100,1,1,0.9469
1101,0,0,0.9874
1102,1,0,0.5012
1103,1,0,0.8981
1104,0,0,0.9984
1105,0,0,0.9996
1106,0,0,0.9981
1107,0,0,0.9999
1108,1,1,0.8407
1109,1,0,0.6138
1110,1,1,0.9355
1111,1,0,0.9249
1112,1,1,0.6379
1113,1,1,0.9845
1114,1,1,0.805
1115,0,0,0.9855
1116,0,1,0.9359
1117,0,0,0.6785
1118,0,0,0.6552
1119,0,0,0.9999
1120,0,0,0.8244
1121,1,1,0.9954
1122,1,1,0.7516
1123,1,1,0.9931
1124,0,1,0.8322
1125,1,1,0.908
1126,0,0,0.6898
1127,1,1,0.9944
1128,0,1,0.9483
1129,1,1,0.9866
1130,0,0,0.9998
1131,1,0,0.638
1132,0,0,0.9997
1133,0,0,0.9332
1134,0,0,0.9994
1135,0,0,0.8772
1136,0,0,0.9996
1137,0,0,0.7424
1138,0,0,0.9999
1139,0,0,0.9848
1140,0,0,1.0
1141,0,1,0.6151
1142,0,0,0.9996
1143,1,1,0.9427
1144,0,1,0.6269
1145,0,0,0.9997
1146,0,0,0.9997
1147,0,0,0.9987
1148,1,1,0.9797
1149,0,0,0.8224
1150,1,0,0.7164
1151,1,1,0.7329
1152,0,0,0.9999
1153,0,0,0.9999
1154,1,1,0.9556
1155,0,1,0.7563
1156,0,0,0.7506
1157,0,0,0.9998
1158,0,0,0.9848
1159,0,0,0.9908
1160,0,0,0.9931
1161,0,0,0.9786
1162,0,0,1.0
1163,1,0,0.5536
1164,0,0,0.9038
1165,1,1,0.7709
1166,0,0,0.9999
1167,0,0,1.0
1168,1,1,0.9844
1169,1,1,0.6499
1170,0,0,0.9886
1171,0,0,0.9979
1172,0,0,0.9996
1173,0,0,0.9987
1174,1,1,0.8204
1175,1,0,0.5528
1176,0,0,0.9925
1177,0,0,0.9895
1178,0,0,0.9897
1179,0,0,0.9952
1180,1,0,0.712
1181,1,0,0.592
1182,0,0,0.9907
1183,0,0,0.8803
1184,0,1,0.968
1185,0,0,0.8398
1186,1,1,0.9859
1187,0,0,0.9998
1188,0,0,0.9998
1189,0,0,0.9828
1190,0,0,0.9986
1191,0,0,0.9915
1192,0,0,0.9811
1193,0,0,0.8564
1194,1,1,0.9959
1195,0,0,0.898
1196,0,0,0.997
1197,1,1,0.5534
1198,0,0,1.0
1199,1,1,0.8498
1200,1,1,0.8241
1201,1,1,0.9709
1202,0,0,0.9979
1203,0,0,0.9994
1204,0,0,0.8296
1205,0,0,0.995
1206,0,0,0.9783
1207,0,0,0.9985
1208,0,0,0.9612
1209,0,1,0.9886
1210,0,0,0.9989
1211,0,1,0.6338
1212,0,0,0.992
1213,0,0,0.9999
1214,0,0,0.9996
1215,0,0,0.8933
1216,0,0,0.9866
1217,0,0,0.9221
1218,0,0,0.9999
1219,0,0,0.7973
1220,0,0,0.9334
1221,1,1,0.9864
1222,0,1,0.9302
1223,1,1,0.8597
1224,0,0,0.9792
1225,1,1,0.7638
1226,0,1,0.8986
1227,0,0,0.9911
1228,0,0,0.9056
1229,1,1,0.8165
1230,1,1,0.9648
1231,0,0,0.9988
1232,1,1,0.9547
1233,1,1,0.9263
1234,0,0,0.9965
1235,1,1,0.9921
1236,0,0,0.9384
1237,0,0,0.9405
1238,0,0,0.7007
1239,0,0,0.9756
1240,0,0,0.9973
1241,0,0,0.9744
1242,0,1,0.9917
1243,0,1,0.7772
1244,1,1,0.9288
1245,0,0,0.9998
1246,1,0,0.9488
1247,0,0,0.9954
1248,0,0,0.9999
1249,0,0,0.9961
1250,0,0,0.8552
1251,0,0,0.9795
1252,1,0,0.9643
1253,1,1,0.8783
1254,1,1,0.87
1255,0,0,0.9964
1256,1,0,0.9355
1257,0,0,0.9958
1258,1,1,0.9708
1259,0,0,0.9909
1260,0,1,0.5774
1261,0,0,0.9859
1262,1,1,0.6196
1263,0,0,0.9606
1264,0,0,0.9996
1265,0,0,0.6335
1266,0,0,0.9873
1267,1,1,0.9804
1268,0,0,0.9724
1269,0,0,0.9893
1270,0,1,0.5554
1271,0,0,0.997
1272,1,1,0.6707
1273,0,0,0.9988
1274,0,0,0.8015
1275,1,1,0.8404
1276,1,1,0.9506
1277,1,1,0.9651
1278,0,0,0.8549
1279,1,1,0.6551
1280,0,0,0.9999
1281,0,0,0.9984
1282,0,0,0.7404
1283,1,1,0.9881
1284,1,0,0.9651
1285,0,0,0.9992
1286,1,1,0.9697
1287,0,0,0.8325
1288,0,0,0.9849
1289,1,1,0.9771
1290,1,1,0.8804
1291,0,0,0.995
1292,0,0,0.8747
1293,0,0,0.9997
1294,0,0,0.9995
1295,0,0,0.9999
1296,0,0,0.9248
1297,1,1,0.8969
1298,1,1,0.9563
1299,0,0,0.9969
1300,0,0,0.9714
1301,0,0,0.9964
1302,0,0,0.8762
1303,0,0,0.9856
1304,0,0,0.951
1305,0,0,0.9993
1306,0,0,0.7018
1307,1,1,0.5381
1308,0,0,0.9843
1309,1,1,0.9145
1310,0,0,0.7611
1311,0,0,0.6373
1312,0,0,0.9997
1313,0,0,0.9998
1314,0,0,0.9921
1315,0,0,0.9952
1316,1,1,0.9081
1317,0,0,1.0
1318,0,0,0.9725
1319,1,0,0.6736
1320,0,0,0.9977
1321,0,0,0.9891
1322,1,0,0.5753
1323,1,1,0.8232
1324,0,1,0.7044
1325,1,1,0.9406
1326,0,0,0.9987
1327,1,1,0.998
1328,0,0,0.971
1329,0,0,0.5528
1330,1,1,0.8063
1331,0,1,0.6382
1332,1,1,0.9922
1333,1,1,0.9675
1334,1,1,0.5575
1335,0,0,0.9985
1336,0,0,0.9962
1337,0,0,0.9891
1338,0,0,0.9999
1339,0,1,0.6467
1340,0,0,0.9588
1341,0,0,0.9995
1342,0,0,0.965
1343,0,0,0.9811
1344,1,1,0.9413
1345,0,1,0.7202
1346,0,1,0.8046
1347,1,0,0.8052
1348,1,1,0.8972
1349,1,1,0.9356
1350,1,1,0.967
1351,0,0,0.6074
1352,0,0,0.9969
1353,0,0,0.9652
1354,0,0,0.9996
1355,1,0,0.6876
1356,0,0,0.9991
1357,0,0,0.9954
1358,0,0,0.9852
1359,0,0,0.9989
1360,1,1,0.7945
1361,0,0,0.9932
1362,1,1,0.6101
1363,1,1,0.9551
1364,0,0,0.5168
1365,0,0,0.9973
1366,0,0,0.9994
1367,1,1,0.9955
1368,0,0,0.9999
1369,1,1,0.9309
1370,0,0,0.9903
1371,0,0,0.986
1372,0,0,0.9998
1373,0,0,0.9987
1374,0,0,0.9997
1375,0,0,0.998
1376,1,1,0.8578
1377,0,1,0.6235
1378,0,0,0.9979
1379,1,1,0.6595
1380,0,0,0.9957
1381,0,0,1.0
1382,0,0,0.9996
1383,0,0,0.9983
1384,1,1,0.8669
1385,0,0,0.9993
1386,1,0,0.561
1387,0,0,0.9683
1388,0,0,0.9684
1389,0,0,0.9998
1390,0,0,0.9307
1391,0,1,0.6203
1392,0,0,0.9925
1393,1,1,0.9965
1394,0,0,0.9558
1395,0,0,0.9107
1396,0,1,0.63
1397,0,0,0.9944
1398,0,0,0.6789
1399,1,1,0.9914
1400,1,1,0.9478
1401,0,0,0.8979
1402,0,0,0.9857
1403,0,1,0.5357
1404,1,1,0.8782
1405,1,1,0.9803
1406,0,0,0.9998
1407,0,0,0.9961
1408,1,0,0.888
1409,1,0,0.5897
1410,0,0,0.9942
1411,1,1,0.6194
1412,1,1,0.9712
1413,0,0,0.9988
1414,1,1,0.9846
1415,0,0,0.9998
1416,1,1,0.9168
1417,0,0,1.0
1418,0,0,0.9451
1419,1,1,0.9628
1420,0,0,0.9965
1421,1,1,0.9658
1422,1,0,0.7179
1423,0,0,0.996
1424,1,1,0.8061
1425,1,0,0.9552
1426,0,0,0.9526
1427,1,1,0.6369
1428,0,0,0.9993
1429,0,0,0.9523
1430,0,0,0.999
1431,0,0,0.997
1432,0,1,0.6788
1433,1,0,0.5859
1434,1,0,0.9168
1435,1,1,0.9358
1436,0,0,0.6953
1437,0,0,0.979
1438,0,0,0.891
1439,1,1,0.6947
1440,1,1,0.9573
1441,0,0,0.9997
1442,0,0,0.9306
1443,1,1,0.923
1444,0,0,0.9683
1445,0,1,0.7171
1446,0,0,0.8711
1447,0,0,0.85
1448,1,1,0.9408
1449,0,1,0.7988
1450,1,1,0.997
1451,0,0,0.9996
1452,0,0,0.9992
1453,0,1,0.7231
1454,0,0,0.9387
1455,1,0,0.9567
1456,0,0,0.9994
1457,0,0,0.9779
1458,0,0,0.9801
1459,0,0,0.9998
1460,0,0,0.9991
1461,0,0,0.9974
1462,1,1,0.9865
1463,0,0,0.9949
1464,0,0,0.9999
1465,1,1,0.8991
1466,0,0,0.9998
1467,1,1,0.7971
1468,1,1,0.9979
1469,1,1,0.9647
1470,0,0,0.9984
1471,1,1,0.9811
1472,0,0,0.9999
1473,0,0,0.9686
1474,0,0,0.9999
1475,0,0,0.9986
1476,1,1,0.7997
1477,0,0,0.8809
1478,1,0,0.642
1479,0,1,0.846
1480,1,1,0.9118
1481,0,0,0.9983
1482,1,1,0.8529
1483,0,0,0.9997
1484,1,1,0.979
1485,0,0,0.9999
1486,0,0,0.9997
1487,1,1,0.8134
1488,1,0,0.949
1489,0,0,0.9998
1490,1,1,0.8974
1491,0,0,0.9997
1492,0,0,0.9965
1493,0,0,0.6387
1494,0,0,0.9994
1495,0,0,0.9988
1496,0,0,0.9955
1497,0,0,0.9972
1498,0,0,0.9998
1499,0,0,0.9876
1500,0,0,0.9728
1501,0,0,0.9298
1502,0,0,0.872
1503,0,0,0.9997
1504,0,0,0.9561
1505,0,1,0.7538
1506,0,0,0.9585
1507,0,0,0.9986
1508,1,0,0.5706
1509,0,0,0.9719
1510,0,1,0.9841
1511,0,0,0.9998
1512,1,0,0.9885
1513,0,0,0.9997
1514,0,0,0.9871
1515,0,0,0.9933
1516,0,0,0.908
1517,0,0,0.9993
1518,0,0,0.997
1519,1,0,0.833
1520,1,1,0.8488
1521,0,0,0.9705
1522,1,0,0.626
1523,0,0,0.9993
1524,0,0,0.9952
1525,0,0,0.9962
1526,0,0,0.9726
1527,0,0,0.871
1528,0,0,0.7187
1529,0,0,0.8535
1530,1,0,0.8754
1531,0,0,0.9975
1532,0,0,0.8394
1533,0,1,0.9159
1534,0,1,0.5597
1535,0,1,0.5136
1536,0,0,0.9977
1537,1,1,0.9317
1538,0,0,0.9984
1539,1,1,0.9734
1540,0,0,0.9978
1541,0,0,0.9981
1542,0,0,0.991
1543,1,0,0.7785
1544,0,0,0.6971
1545,0,1,0.5439
1546,1,0,0.638
1547,0,0,0.9359
1548,0,0,0.9998
1549,1,1,0.9653
1550,0,0,0.9973
1551,0,1,0.8638
1552,0,0,0.9719
1553,0,1,0.9265
1554,1,1,0.6824
1555,1,1,0.9878
1556,0,0,0.7371
1557,0,0,0.7855
1558,0,0,0.9183
1559,0,0,0.8622
1560,0,0,0.9979
1561,0,0,0.9867
1562,1,1,0.8012
1563,0,0,0.9956
1564,0,0,0.4989
1565,0,1,0.8575
1566,0,0,0.994
1567,0,0,0.9998
1568,0,0,0.9991
1569,0,0,0.9711
1570,0,0,1.0
1571,0,0,0.9632
1572,0,0,0.9996
1573,1,0,0.6627
1574,1,1,0.9495
1575,1,1,0.8565
1576,1,0,0.8871
1577,1,1,0.6398
1578,0,0,0.9994
1579,1,1,0.9552
1580,1,1,0.7856
1581,0,1,0.9233
1582,0,0,0.5126
1583,0,0,0.8374
1584,1,1,0.8194
1585,0,0,0.9955
1586,0,0,0.7932
1587,0,0,0.9991
1588,0,1,0.9649
1589,0,1,0.879
1590,0,0,0.9983
1591,0,1,0.9319
1592,1,1,0.971
1593,0,0,0.9996
1594,1,1,0.971
1595,0,0,0.6581
1596,0,1,0.8406
1597,0,0,0.9988
1598,1,1,0.9891
1599,0,0,0.9998
1600,0,0,0.9919
1601,0,0,0.9685
1602,0,0,0.9666
1603,1,1,0.9872
1604,1,1,0.7875
1605,0,0,0.9978
1606,1,1,0.9667
1607,0,0,0.9684
1608,0,0,0.9333
1609,1,1,0.9162
1610,0,1,0.5093
1611,0,0,0.9968
1612,1,1,0.6742
1613,1,0,0.7511
1614,0,0,0.9188
1615,0,0,0.9986
1616,1,1,0.9225
1617,0,0,0.9643
1618,1,0,0.8896
1619,0,0,0.9992
1620,1,1,0.8008
1621,0,1,0.9792
1622,1,1,0.9469
1623,0,0,0.9986
1624,1,1,0.9317
1625,1,0,0.8085
1626,1,1,0.8859
1627,1,1,0.9758
1628,0,0,0.9998
1629,0,1,0.8255
1630,0,0,0.9433
1631,0,0,0.9907
1632,0,0,0.9788
1633,0,0,0.9142
1634,1,1,0.9443
1635,0,0,0.6987
1636,0,0,0.998
1637,0,0,0.8761
1638,0,0,1.0
1639,1,1,0.893
1640,1,1,0.8119
1641,0,0,1.0
1642,1,1,0.7337
1643,0,0,0.9786
1644,1,1,0.9872
1645,1,1,0.9903
1646,1,1,0.9395
1647,0,0,0.9818
1648,0,1,0.9517
1649,1,1,0.9047
1650,1,1,0.9963
1651,0,0,0.9999
1652,0,0,0.9558
1653,0,0,0.958
1654,0,0,0.9988
1655,0,0,0.9985
1656,1,1,0.9975
1657,0,0,0.9949
1658,0,0,0.999
1659,0,0,0.9854
1660,0,0,0.8791
1661,0,0,0.9905
1662,1,1,0.8518
1663,0,0,0.9757
1664,0,0,0.8998
1665,0,0,0.997
1666,0,0,0.8314
1667,1,1,0.9446
1668,0,0,0.9948
1669,0,0,1.0
1670,1,0,0.9892
1671,1,1,0.8296
1672,0,0,1.0
1673,0,0,0.9998
1674,0,0,0.8561
1675,0,0,0.9995
1676,1,1,0.9556
1677,1,1,0.6326
1678,1,1,0.9939
1679,1,1,0.8376
1680,1,1,0.6669
1681,0,0,0.9545
1682,0,0,0.9979
1683,1,0,0.9724
1684,1,1,0.9898
1685,0,0,0.9995
1686,0,0,0.986
1687,1,1,0.995
1688,1,1,0.9887
1689,0,0,0.6209
1690,0,1,0.8374
1691,1,0,0.5416
1692,0,0,0.9992
1693,0,0,0.9893
1694,1,1,0.992
1695,1,1,0.973
1696,0,0,0.9997
1697,1,1,0.506
1698,0,0,0.9911
1699,0,0,0.9016
1700,0,0,0.9594
1701,1,1,0.9747
1702,0,0,0.7764
1703,0,0,0.9978
1704,0,0,0.9683
1705,1,1,0.7907
1706,1,1,0.9969
1707,0,0,0.9998
1708,1,1,0.9986
1709,1,1,0.983
1710,1,1,0.9816
1711,0,0,0.9998
1712,1,1,0.9735
1713,1,0,0.7709
1714,0,0,0.7054
1715,1,1,0.792
1716,0,0,0.9996
1717,0,0,0.9922
1718,0,0,0.9573
1719,0,1,0.9115
1720,1,0,0.6592
1721,0,0,0.9883
1722,0,0,0.9728
1723,1,0,0.8453
1724,0,0,0.904
1725,1,1,0.7531
1726,1,1,0.9781
1727,1,1,0.9884
1728,0,0,0.7779
1729,0,0,0.7418
1730,0,0,0.9999
1731,0,0,0.9374
1732,0,1,0.6175
1733,0,1,0.7636
1734,0,1,0.5795
1735,0,0,0.9696
1736,0,0,0.5617
1737,1,1,0.9808
1738,0,0,0.999
1739,0,0,0.9995
1740,0,0,0.9998
1741,0,0,0.9216
1742,0,0,1.0
1743,1,1,0.5484
1744,1,1,0.8346
1745,1,0,0.9181
1746,0,0,0.9944
1747,1,1,0.9651
1748,0,1,0.8959
1749,0,0,0.9874
1750,0,0,0.9981
1751,0,0,0.9992
1752,0,0,0.7536
1753,1,1,0.7245
1754,0,0,0.9981
1755,0,0,0.9237
1756,0,0,0.9998
1757,1,1,0.5237
1758,0,1,0.9193
1759,0,0,0.816
1760,0,0,0.9969
1761,0,0,0.8223
1762,0,0,0.9751
1763,1,0,0.9023
1764,1,1,0.9306
1765,0,0,0.9524
1766,0,0,0.9995
1767,1,1,0.68
1768,0,0,1.0
1769,0,0,0.9962
1770,0,0,0.999
1771,0,0,0.9606
1772,1,1,0.8444
1773,0,0,0.9785
1774,0,0,0.8573
1775,0,0,0.9997
1776,0,0,0.9999
1777,0,0,0.9993
1778,0,0,0.9825
1779,1,1,0.9011
1780,1,0,0.763
1781,0,0,0.9987
1782,0,0,0.9985
1783,0,0,0.9997
1784,0,0,0.8504
1785,1,1,0.5759
1786,1,1,0.5212
1787,0,0,0.9997
1788,0,0,0.8977
1789,0,0,1.0
1790,0,0,0.9995
1791,0,0,0.919
1792,0,0,0.9676
1793,0,1,0.9798
1794,1,1,0.93
1795,0,0,0.999
1796,0,0,0.9929
1797,0,0,0.9999
1798,0,1,0.9678
1799,0,1,0.9965
1800,0,1,0.7932
1801,0,0,0.9998
1802,0,0,0.898
1803,0,0,0.6021
1804,0,0,0.9111
1805,0,0,1.0
1806,0,0,0.9658
1807,1,1,0.9882
1808,0,0,0.9996
1809,1,0,0.6334
1810,1,0,0.9626
1811,0,0,0.9527
1812,0,0,0.935
1813,0,0,0.7943
1814,0,0,0.907
1815,0,1,0.9428
1816,1,1,0.9951
1817,1,1,0.9459
1818,0,0,0.9987
1819,1,1,0.9941
1820,0,0,0.9994
1821,1,1,0.9923
1822,0,0,0.986
1823,0,0,0.5635
1824,0,0,0.9824
1825,1,1,0.9789
1826,0,0,0.5434
1827,1,1,0.5743
1828,0,0,0.8974
1829,0,0,0.9989
1830,0,0,0.9678
1831,0,0,0.9758
1832,1,1,0.9303
1833,1,1,0.9777
1834,0,0,1.0
1835,0,0,0.9999
1836,1,1,0.9178
1837,1,1,0.9896
1838,0,0,0.9094
1839,0,0,0.522
1840,0,0,1.0
1841,0,0,0.8729
1842,0,0,0.9937
1843,0,0,0.7498
1844,1,0,0.7305
1845,1,1,0.5414
1846,0,0,0.9595
1847,0,0,0.9974
1848,0,0,0.9999
1849,0,1,0.7558
1850,0,0,0.6024
1851,1,1,0.9033
1852,0,0,0.9991
1853,0,0,0.9989
1854,0,0,0.8502
1855,0,0,0.9936
1856,0,0,0.9757
1857,1,1,0.7932
1858,0,0,0.8284
1859,0,0,0.9429
1860,0,0,0.9999
1861,0,0,0.5224
1862,0,0,0.7238
1863,1,0,0.8854
1864,1,1,0.775
1865,0,0,0.9931
1866,1,1,0.5114
1867,0,1,0.5252
1868,0,0,0.9323
1869,1,1,0.9785
1870,0,0,0.668
1871,0,0,0.998
1872,0,0,0.6615
1873,0,0,0.9998
1874,0,0,0.9986
1875,0,0,0.9888
1876,1,1,0.987
1877,0,0,0.9811
1878,1,1,0.9192
1879,0,0,0.5468
1880,0,0,1.0
1881,0,0,0.6822
1882,0,0,0.9781
1883,0,0,0.998
1884,0,0,0.9998
1885,0,0,0.9395
1886,1,1,0.7659
1887,0,0,0.9284
1888,1,1,0.9968
1889,1,1,0.6742
1890,0,0,0.9984
1891,0,0,0.9776
1892,1,1,0.9991
1893,0,0,0.9855
1894,0,0,0.9961
1895,0,0,0.6506
1896,0,0,0.9944
1897,0,0,0.7036
1898,0,0,0.9983
1899,0,0,0.9994
1900,0,0,0.9997
1901,1,1,0.9854
1902,0,1,0.5845
1903,1,1,0.9869
1904,1,1,0.9687
1905,0,0,0.5683
1906,0,1,0.9196
1907,1,1,0.882
1908,1,1,0.8874
1909,0,0,0.5481
1910,0,1,0.5685
1911,1,0,0.7857
1912,0,1,0.947
1913,0,0,0.9928
1914,1,1,0.9931
1915,0,0,0.9726
1916,0,0,0.995
1917,0,1,0.909
1918,0,0,0.9988
1919,0,1,0.7135
1920,0,0,0.9836
1921,1,1,0.8445
1922,0,0,0.8859
1923,0,0,0.9998
1924,1,1,0.9937
1925,0,1,0.967
1926,1,1,0.9825
1927,1,1,0.9227
1928,0,0,0.9996
1929,1,0,0.8318
1930,0,0,0.9757
1931,0,0,0.9837
1932,0,0,0.9964
1933,0,0,0.9691
1934,0,0,0.9982
1935,1,1,0.9659
1936,1,0,0.78
1937,0,0,0.9939
1938,0,0,0.9996
1939,0,0,0.9999
1940,1,1,0.9934
1941,0,0,0.7858
1942,0,0,0.9698
1943,1,1,0.7743
1944,0,0,0.9983
1945,0,1,0.7521
1946,0,0,0.7529
1947,0,1,0.5563
1948,0,0,0.9892
1949,0,0,0.6534
1950,1,1,0.7136
1951,0,0,0.9925
1952,1,0,0.6458
1953,0,1,0.5076
1954,1,1,0.8284
1955,0,0,0.9942
1956,0,0,1.0
1957,0,0,0.9998
1958,0,0,0.9963
1959,0,0,0.9994
1960,0,0,0.9892
1961,0,0,0.9985
1962,0,1,0.8861
1963,0,0,0.9854
1964,0,1,0.535
1965,0,0,0.9878
1966,0,1,0.9399
1967,0,0,0.9999
1968,0,0,0.9579
1969,0,0,0.9996
1970,0,0,0.9996
1971,1,1,0.93
1972,0,1,0.5312
1973,0,0,0.9999
1974,1,0,0.5777
1975,0,0,0.9998
1976,1,1,0.7318
1977,0,0,0.8941
1978,1,1,0.9557
1979,0,0,0.9957
1980,0,0,0.9984
1981,0,0,0.6753
1982,0,0,0.9996
1983,0,0,0.9994
1984,0,0,0.9731
1985,0,0,0.8605
1986,0,0,0.8696
1987,0,0,0.9901
1988,0,0,0.9998
1989,0,0,0.984
1990,1,1,0.8945
1991,1,1,0.9345
1992,1,1,0.9798
1993,0,0,0.5383
1994,0,0,0.9958
1995,0,0,0.9988
1996,1,1,0.8539
1997,0,0,0.9998
1998,1,1,0.9557
1999,0,0,0.9774
2000,1,1,0.9671
2001,0,0,0.9612
2002,0,0,0.9996
2003,1,1,0.8855
2004,1,1,0.951
2005,0,0,0.9998
2006,1,1,0.9352
2007,1,1,0.9876
2008,0,0,0.9996
2009,0,0,0.9845
2010,0,0,0.9999
2011,1,0,0.8129
2012,1,1,0.7933
2013,0,0,0.9994
2014,0,0,0.9926
2015,1,1,0.9821
2016,0,0,0.5875
2017,0,0,0.9998
2018,1,1,0.9856
2019,0,0,0.9889
2020,1,1,0.7764
2021,1,1,0.9038
2022,0,0,0.9999
2023,0,0,0.5441
2024,1,0,0.7555
2025,0,0,0.9999
2026,0,0,0.9943
2027,1,0,0.9076
2028,0,0,0.9431
2029,0,0,0.9955
2030,0,0,0.9902
2031,0,0,0.9957
2032,0,0,0.8905
2033,0,0,0.9994
2034,1,1,0.9596
2035,1,1,0.9986
2036,0,0,0.9962
2037,1,1,0.9605
2038,1,0,0.855
2039,1,1,0.9924
2040,0,0,0.9953
2041,0,0,0.9972
2042,0,0,0.998
2043,1,0,0.9211
2044,0,0,0.9992
2045,0,0,0.8432
2046,0,0,0.999
2047,1,1,0.9409
2048,0,0,0.9043
2049,0,0,0.9804
2050,1,0,0.6201
2051,0,1,0.7662
2052,0,0,0.8501
2053,0,0,0.9989
2054,0,0,0.9988
2055,0,0,0.9939
2056,0,0,0.9998
2057,0,0,0.9991
2058,0,0,0.9991
2059,0,0,0.9815
2060,1,1,0.7613
2061,0,1,0.9333
2062,1,1,0.9961
2063,1,0,0.9553
2064,0,0,0.9994
2065,0,0,0.9999
2066,1,1,0.8575
2067,0,1,0.5656
2068,0,0,0.9138
2069,0,0,0.7762
2070,0,0,0.9609
2071,1,0,0.502
2072,1,1,0.9862
2073,0,0,0.8727
2074,0,0,0.9646
2075,0,0,0.9998
2076,0,0,0.9815
2077,0,0,0.9969
2078,0,0,0.9998
2079,1,1,0.9881
2080,1,1,0.8727
2081,0,0,0.9991
2082,1,1,0.9948
2083,1,1,0.6231
2084,1,1,0.9979
2085,0,0,0.834
2086,0,0,0.9932
2087,1,1,0.7775
2088,0,0,0.9009
2089,1,1,0.7358
2090,1,1,0.9136
2091,1,1,0.9924
2092,0,0,0.8361
2093,0,0,0.9912
2094,0,0,0.9964
2095,1,1,0.6609
2096,1,1,0.9531
2097,0,1,0.5989
2098,0,0,0.8649
2099,0,1,0.6132
2100,0,1,0.9243
2101,1,1,0.9914
2102,0,0,0.9973
2103,0,0,0.983
2104,1,0,0.9107
2105,1,1,0.8569
2106,0,0,0.9997
2107,0,0,0.9993
2108,0,0,0.9613
2109,0,0,0.9329
2110,0,0,0.9985
2111,0,0,0.6829
2112,1,1,0.5725
2113,0,0,0.9998
2114,0,0,0.7818
2115,1,1,0.9793
2116,0,0,0.9996
2117,0,0,0.9933
2118,0,1,0.9894
2119,0,0,0.9042
2120,0,0,0.9927
2121,0,0,0.9994
2122,0,1,0.5532
2123,0,0,0.9985
2124,1,1,0.7522
2125,0,0,0.9458
2126,1,1,0.9716
2127,1,0,0.8504
2128,0,0,0.9977
2129,0,0,0.9994
2130,0,0,0.9836
2131,0,0,0.9996
2132,0,0,0.9491
2133,1,1,0.7971
2134,1,1,0.9881
2135,0,0,0.9891
2136,1,1,0.8988
2137,0,0,0.998
2138,0,0,0.9851
2139,0,0,0.8895
2140,0,0,0.994
2141,0,0,0.9628
2142,0,0,0.9977
2143,0,0,0.9989
2144,0,0,0.9866
2145,0,0,0.9866
2146,0,0,0.9975
2147,0,0,0.9974
2148,0,0,0.9999
2149,0,0,0.9917
2150,1,0,0.7392
2151,1,0,0.8075
2152,0,0,0.9966
2153,0,0,0.9992
2154,0,0,0.9958
2155,1,0,0.8536
2156,1,1,0.8609
2157,0,0,0.9988
2158,0,0,0.8722
2159,0,0,0.9963
2160,1,1,0.9622
2161,0,0,0.9959
2162,0,0,0.9998
2163,0,0,0.9994
2164,0,0,0.999
2165,0,0,0.9991
2166,0,0,0.9968
2167,0,0,0.8907
2168,0,0,0.9903
2169,0,0,0.9965
2170,1,1,0.9634
2171,0,0,0.9999
2172,1,1,0.5611
2173,0,0,0.9223
2174,0,0,0.9996
2175,0,0,0.9902
2176,0,0,0.9995
2177,1,0,0.7874
2178,0,0,0.9568
2179,0,0,0.9077
2180,1,0,0.9082
2181,0,0,0.9996
2182,0,0,0.985
2183,1,1,0.7381
2184,1,1,0.6471
2185,1,1,0.9657
2186,0,0,0.966
2187,1,1,0.9162
2188,0,0,0.9825
2189,0,0,0.8733
2190,1,0,0.7037
2191,0,0,0.9994
2192,0,0,0.9986
2193,0,0,0.9986
2194,0,1,0.6662
2195,0,0,0.9996
2196,0,0,0.9789
2197,1,1,0.5665
2198,0,0,0.9995
2199,0,0,0.9998
2200,0,0,0.9932
2201,0,0,0.9938
2202,0,0,0.9918
2203,0,0,0.9984
2204,1,1,0.9859
2205,0,0,0.6875
2206,0,0,0.8524
2207,0,0,0.987
2208,0,1,0.6186
2209,0,0,0.9999
2210,0,0,0.9999
2211,0,0,0.9735
2212,1,1,0.889
2213,0,0,0.871
2214,1,1,0.5438
2215,0,0,0.9864
2216,1,0,0.5479
2217,0,0,0.9113
2218,0,0,0.9846
2219,1,1,0.9848
2220,1,1,0.5254
2221,1,1,0.9854
2222,0,0,0.8907
2223,1,1,0.753
2224,0,0,0.9997
2225,0,0,0.9996
2226,0,0,0.9958
2227,0,0,0.9875
2228,0,0,0.9831
2229,1,1,0.9884
2230,0,0,0.9991
2231,0,0,0.9529
2232,1,1,0.8712
2233,0,0,0.9972
2234,0,0,0.9995
2235,0,0,0.9955
2236,0,0,0.8773
2237,0,1,0.8697
2238,1,1,0.8639
2239,0,1,0.6524
2240,0,0,0.861
2241,0,0,0.9596
2242,0,0,0.9174
2243,0,0,0.9996
2244,1,1,0.78
2245,1,0,0.5597
2246,0,0,0.9998
2247,0,0,0.9984
2248,0,0,0.9447
2249,1,1,0.6565
2250,1,1,0.8886
2251,0,0,0.9261
2252,0,0,0.992
2253,1,1,0.9348
2254,0,0,0.9974
2255,0,0,0.8011
2256,0,0,0.9981
2257,0,0,0.8496
2258,0,0,1.0
2259,1,0,0.8453
2260,0,0,0.9105
2261,1,0,0.9221
2262,1,1,0.9135
2263,0,0,0.9877
2264,1,1,0.9965
2265,0,0,0.9939
2266,0,0,0.9206
2267,0,0,0.9978
2268,1,1,0.8702
2269,0,0,0.959
2270,1,1,0.9985
2271,0,0,0.9995
2272,0,0,0.9814
2273,0,0,0.9995
2274,1,1,0.9179
2275,0,0,0.834
2276,0,0,0.9999
2277,0,0,0.9836
2278,0,0,0.9983
2279,0,0,0.9997
2280,0,0,0.9995
2281,0,0,0.712
2282,0,0,0.9998
2283,0,0,1.0
2284,0,0,0.7389
2285,0,0,0.89
2286,0,0,0.9707
2287,0,0,0.9954
2288,0,1,0.5385
2289,1,0,0.876
2290,0,0,0.9995
2291,1,1,0.997
2292,1,1,0.997
2293,1,0,0.7119
2294,1,0,0.6598
2295,1,1,0.9887
2296,0,0,0.9801
2297,1,1,0.9934
2298,0,0,0.9996
2299,0,0,0.7366
2300,1,0,0.6181
2301,0,0,0.6298
2302,0,0,0.9995
2303,1,1,0.9929
2304,0,0,0.5894
2305,0,0,0.8573
2306,0,0,0.8421
2307,1,0,0.9169
2308,1,1,0.995
2309,0,1,0.8365
2310,0,0,0.9997
2311,0,1,0.9936
2312,1,1,0.9507
2313,0,0,0.8705
2314,0,0,0.7887
2315,0,0,0.9979
2316,0,0,0.985
2317,0,0,0.8915
2318,1,1,0.9293
2319,0,0,0.9924
2320,0,0,0.9994
2321,0,0,0.7345
2322,1,1,0.9976
2323,0,0,0.9981
2324,1,1,0.826
2325,0,1,0.7013
2326,0,0,0.8819
2327,0,0,1.0
2328,0,0,0.9687
2329,1,1,0.9731
2330,1,0,0.9571
2331,0,0,0.9969
2332,1,1,0.9377
2333,0,0,0.6767
2334,0,0,0.9976
2335,0,0,1.0
2336,0,0,1.0
2337,0,0,0.9502
2338,0,0,0.9924
2339,1,1,0.5243
2340,0,0,0.989
2341,0,1,0.6817
2342,1,1,0.9844
2343,0,0,0.958
2344,0,0,0.9879
2345,1,1,0.9783
2346,0,0,0.9848
2347,1,1,0.8402
2348,0,0,0.9887
2349,0,0,0.6426
2350,1,1,0.9472
2351,0,0,0.9999
2352,0,0,0.9769
2353,0,0,0.7501
2354,1,0,0.9271
2355,1,1,0.7832
2356,0,0,0.9993
2357,0,0,0.9888
2358,0,1,0.7164
2359,0,0,0.9991
2360,0,0,0.9984
2361,1,1,0.5317
2362,0,0,0.8573
2363,0,0,0.9023
2364,1,1,0.6907
2365,0,0,0.9768
2366,0,0,0.9948
2367,1,1,0.9586
2368,0,1,0.5629
2369,0,0,0.9994
2370,0,0,0.9631
2371,0,1,0.6273
2372,1,0,0.6813
2373,1,1,0.651
2374,0,0,0.9993
2375,1,1,0.8555
2376,0,0,0.9922
2377,0,0,0.995
2378,0,1,0.9433
2379,0,0,0.9878
2380,0,0,0.9981
2381,1,1,0.8724
2382,0,0,0.998
2383,0,0,0.9933
2384,1,0,0.814
2385,0,0,0.984
2386,0,0,0.7007
2387,0,0,0.5984
2388,1,1,0.9425
2389,1,1,0.8207
2390,0,0,1.0
2391,0,0,0.9979
2392,0,1,0.6804
2393,1,0,0.6277
2394,0,0,0.9915
2395,0,1,0.9406
2396,0,0,0.9432
2397,1,1,0.6812
2398,0,0,0.6753
2399,1,1,0.7731
2400,1,1,0.6857
2401,1,0,0.9227
2402,0,0,0.9006
2403,0,0,0.9997
2404,1,1,0.9765
2405,0,0,1.0
2406,1,1,0.9449
2407,0,0,0.9954
2408,0,0,0.9944
2409,0,0,0.5806
2410,0,0,0.9994
2411,1,0,0.6731
2412,1,1,0.9956
2413,1,1,0.9921
2414,0,0,0.9815
2415,0,0,0.9815
2416,0,0,0.9988
2417,0,0,0.9994
2418,1,1,0.9635
2419,1,1,0.7728
2420,0,0,0.9998
2421,0,0,0.9996
2422,0,0,0.9946
2423,0,0,0.9916
2424,0,0,0.9997
2425,0,0,0.9973
2426,1,1,0.5762
2427,0,0,0.9893
2428,1,1,0.9203
2429,0,0,0.9937
2430,1,1,0.9734
2431,1,1,0.9687
2432,0,0,0.9999
2433,0,0,0.9895
2434,1,1,0.9976
2435,0,0,0.9808
2436,1,0,0.7007
2437,0,0,0.9825
2438,1,1,0.823
2439,0,0,0.9846
2440,1,1,0.9253
2441,0,0,0.9028
2442,0,0,0.9998
2443,1,1,0.5641
2444,0,0,0.9915
2445,0,0,0.7113
2446,0,0,0.8834
2447,0,0,0.9935
2448,0,0,0.995
2449,0,0,0.688
2450,0,0,0.9993
2451,0,0,1.0
2452,0,0,0.921
2453,0,0,0.9999
2454,1,1,0.8411
2455,0,0,0.9722
2456,1,1,0.944
2457,0,0,0.9994
2458,1,1,0.9678
2459,0,0,0.7836
2460,0,0,0.9906
2461,1,1,0.9644
2462,0,0,1.0
2463,1,1,0.9715
2464,0,1,0.9583
2465,1,0,0.9488
2466,0,0,0.9982
2467,1,0,0.6176
2468,0,1,0.7593
2469,0,0,0.7596
2470,1,0,0.9047
2471,1,1,0.9617
2472,0,0,0.5613
2473,0,0,0.96
2474,0,0,0.999
2475,0,0,0.9978
2476,0,0,0.9968
2477,0,0,0.9942
2478,1,1,0.9805
2479,0,0,0.97
2480,1,1,0.9154
2481,0,1,0.8741
2482,0,0,0.9867
2483,0,1,0.9764
2484,0,0,0.7208
2485,0,0,0.9584
2486,0,0,0.9997
2487,0,1,0.8163
2488,0,0,0.8208
2489,1,1,0.7504
2490,0,0,0.9035
2491,1,1,0.7958
2492,1,1,0.9915
2493,1,1,0.9643
2494,0,1,0.9439
2495,0,0,0.7331
2496,0,0,0.9987
2497,0,0,1.0
2498,1,1,0.8911
2499,0,0,0.9906
2500,1,1,0.9926
2501,1,1,0.9981
2502,0,0,0.9992
2503,0,0,0.9951
2504,0,0,0.9999
2505,1,1,0.9965
2506,1,1,0.996
2507,0,0,0.983
2508,0,1,0.9377
2509,0,0,0.5888
2510,0,0,1.0
2511,0,1,0.9926
2512,1,1,0.6046
2513,0,0,0.9707
2514,0,0,0.9502
2515,0,0,0.9173
2516,0,0,0.9677
2517,0,0,0.9999
2518,1,1,0.7705
2519,0,0,0.9938
2520,1,0,0.9121
2521,1,1,0.8464
2522,0,0,0.9908
2523,0,0,0.9996
2524,0,0,0.9639
2525,0,0,0.9999
2526,0,0,0.9994
2527,0,0,0.8464
2528,1,1,0.6025
2529,0,0,0.9994
2530,0,0,0.989
2531,0,0,0.9999
2532,0,0,0.9977
2533,0,1,0.8626
2534,1,1,0.7354
2535,0,0,0.9915
2536,0,0,0.9965
2537,0,0,0.9697
2538,0,0,0.9916
2539,1,1,0.9681
2540,0,0,0.6909
2541,0,0,0.9791
2542,0,0,0.8529
2543,0,0,0.9826
2544,1,1,0.965
2545,0,0,0.9995
2546,0,0,0.9992
2547,1,1,0.9047
2548,0,1,0.8847
2549,0,0,0.9964
2550,0,0,0.9736
2551,0,0,0.9831
2552,0,0,0.9945
2553,0,0,0.9978
2554,0,0,0.9719
2555,0,0,0.9987
2556,1,1,0.9406
2557,0,0,0.9558
2558,0,0,0.9998
2559,0,0,0.997
2560,1,0,0.8713
2561,1,1,0.7926
2562,0,0,0.9964
2563,1,1,0.8057
2564,1,1,0.8175
2565,0,0,0.977
2566,0,0,0.9763
2567,0,0,0.9916
2568,1,1,0.951
2569,0,0,0.9995
2570,0,0,0.5688
2571,0,0,0.9766
2572,1,1,0.9103
2573,0,1,0.5198
2574,1,0,0.5476
2575,0,1,0.5391
2576,0,0,0.9996
2577,1,1,0.9975
2578,1,1,0.9061
2579,0,0,0.9985
2580,1,1,0.9072
2581,1,1,0.7072
2582,0,0,0.9988
2583,0,1,0.7201
2584,0,0,1.0
2585,1,0,0.9095
2586,0,0,0.9923
2587,1,1,0.9902
2588,0,0,0.9086
2589,0,0,0.9651
2590,1,0,0.5244
2591,0,0,0.9945
2592,0,0,0.9962
2593,0,0,0.9821
2594,1,1,0.9937
2595,1,1,0.9355
2596,0,0,0.7388
2597,0,0,0.9985
2598,0,0,0.9343
2599,0,0,0.5917
2600,0,0,0.9661
2601,0,0,0.9999
2602,1,1,0.8154
2603,0,0,0.6617
2604,0,0,0.9873
2605,0,0,0.9995
2606,0,0,0.9997
2607,1,1,0.9765
2608,1,1,0.9192
2609,0,0,0.9999
2610,1,1,0.9709
2611,0,0,0.9985
2612,0,0,0.9646
2613,1,1,0.9938
2614,1,1,0.5151
2615,0,1,0.6757
2616,1,1,0.9515
2617,0,0,0.6375
2618,0,0,1.0
2619,0,0,0.9932
2620,0,0,0.6663
2621,0,0,0.9226
2622,1,1,0.9358
2623,0,0,0.9895
2624,0,0,0.7401
2625,0,0,0.9073
2626,1,1,0.8737
2627,0,0,0.9901
2628,0,0,0.9894
2629,0,0,0.9722
