,predicted,real,prob,,thr,0.87,correct,predict,
0,2,2,0.99510974,1,1,,1806,1889,predict_ratio
1,1,1,0.99889684,1,1,,accuracy,95.61,71.83
2,5,0,0.67754996,0,0,,,,
3,5,5,0.9968856,1,1,,,,
4,2,5,0.5033163,0,0,,,,
5,5,5,0.86715424,0,0,,,,
6,2,2,0.9986299,1,1,,,,
7,4,4,0.99473405,1,1,,,,
8,5,5,0.9974953,1,1,,,,
9,5,5,0.9911254,1,1,,,,
10,5,5,0.99688244,1,1,,,,
11,2,2,0.9850134,1,1,,,,
12,5,5,0.99882716,1,1,,,,
13,2,2,0.9867895,1,1,,,,
14,2,2,0.9927422,1,1,,,,
15,3,3,0.998749,1,1,,,,
16,5,5,0.991379,1,1,,,,
17,1,1,0.8211538,0,0,,,,
18,3,3,0.9986243,1,1,,,,
19,5,5,0.99950993,1,1,,,,
20,2,2,0.72014916,0,0,,,,
21,5,5,0.9976641,1,1,,,,
22,2,2,0.9952537,1,1,,,,
23,5,5,0.78464514,0,0,,,,
24,4,4,0.99930227,1,1,,,,
25,5,5,0.9985557,1,1,,,,
26,5,4,0.5236403,0,0,,,,
27,5,5,0.9551744,1,1,,,,
28,2,2,0.96751547,1,1,,,,
29,5,5,0.87163436,1,1,,,,
30,4,4,0.9896421,1,1,,,,
31,5,5,0.9944259,1,1,,,,
32,1,0,0.9791772,0,1,,,,
33,5,2,0.78673905,0,0,,,,
34,2,2,0.9959258,1,1,,,,
35,2,2,0.9991462,1,1,,,,
36,2,2,0.7933436,0,0,,,,
37,2,2,0.99651414,1,1,,,,
38,2,2,0.99613863,1,1,,,,
39,5,5,0.97575706,1,1,,,,
40,2,2,0.8705168,1,1,,,,
41,2,2,0.9819447,1,1,,,,
42,3,3,0.9985098,1,1,,,,
43,5,5,0.5916422,0,0,,,,
44,5,5,0.8396344,0,0,,,,
45,2,2,0.9985123,1,1,,,,
46,2,2,0.9612553,1,1,,,,
47,3,3,0.9988721,1,1,,,,
48,2,2,0.993105,1,1,,,,
49,5,1,0.85324144,0,0,,,,
50,5,5,0.9670748,1,1,,,,
51,5,5,0.6184382,0,0,,,,
52,5,5,0.85310507,0,0,,,,
53,5,5,0.9717971,1,1,,,,
54,4,4,0.99945885,1,1,,,,
55,2,2,0.99343395,1,1,,,,
56,3,3,0.9984035,1,1,,,,
57,4,4,0.9993316,1,1,,,,
58,5,5,0.7591971,0,0,,,,
59,2,2,0.9018983,1,1,,,,
60,5,2,0.83522695,0,0,,,,
61,5,5,0.9943046,1,1,,,,
62,5,5,0.9923644,1,1,,,,
63,2,2,0.7096403,0,0,,,,
64,2,2,0.9966241,1,1,,,,
65,5,5,0.9980567,1,1,,,,
66,3,3,0.998926,1,1,,,,
67,2,2,0.9955871,1,1,,,,
68,4,4,0.9993747,1,1,,,,
69,2,2,0.99719703,1,1,,,,
70,2,2,0.9990601,1,1,,,,
71,5,2,0.96186244,0,1,,,,
72,4,4,0.9826912,1,1,,,,
73,1,1,0.99777895,1,1,,,,
74,5,5,0.89888877,1,1,,,,
75,5,5,0.996842,1,1,,,,
76,2,2,0.9776788,1,1,,,,
77,5,5,0.9719849,1,1,,,,
78,5,2,0.66514283,0,0,,,,
79,2,5,0.63216466,0,0,,,,
80,5,5,0.95574117,1,1,,,,
81,5,5,0.94590074,1,1,,,,
82,2,2,0.99781054,1,1,,,,
83,3,3,0.99769235,1,1,,,,
84,1,5,0.6114239,0,0,,,,
85,5,5,0.87608606,1,1,,,,
86,0,0,0.6068529,0,0,,,,
87,2,2,0.9974982,1,1,,,,
88,5,2,0.5040399,0,0,,,,
89,5,5,0.9283275,1,1,,,,
90,2,2,0.9770173,1,1,,,,
91,2,2,0.9972898,1,1,,,,
92,2,0,0.5906328,0,0,,,,
93,5,2,0.84320813,0,0,,,,
94,5,5,0.73739725,0,0,,,,
95,5,5,0.99631965,1,1,,,,
96,5,5,0.98345816,1,1,,,,
97,4,4,0.99949455,1,1,,,,
98,2,2,0.9956813,1,1,,,,
99,2,2,0.999252,1,1,,,,
100,5,5,0.74917054,0,0,,,,
101,2,2,0.99690753,1,1,,,,
102,5,5,0.9899087,1,1,,,,
103,2,2,0.9925242,1,1,,,,
104,2,2,0.99880517,1,1,,,,
105,3,3,0.99931145,1,1,,,,
106,2,2,0.9990325,1,1,,,,
107,5,5,0.9760803,1,1,,,,
108,5,4,0.52396846,0,0,,,,
109,5,2,0.56547856,0,0,,,,
110,5,5,0.99899954,1,1,,,,
111,4,4,0.9996972,1,1,,,,
112,5,5,0.9162177,1,1,,,,
113,2,2,0.93048656,1,1,,,,
114,4,4,0.9993124,1,1,,,,
115,4,4,0.9996377,1,1,,,,
116,2,2,0.99875784,1,1,,,,
117,5,5,0.9055072,1,1,,,,
118,4,4,0.9990952,1,1,,,,
119,5,2,0.8712313,0,1,,,,
120,2,2,0.99266535,1,1,,,,
121,5,5,0.8967089,1,1,,,,
122,5,5,0.78655124,0,0,,,,
123,2,2,0.99720544,1,1,,,,
124,2,2,0.99024194,1,1,,,,
125,5,5,0.6437221,0,0,,,,
126,2,2,0.99433064,1,1,,,,
127,2,2,0.99643683,1,1,,,,
128,5,5,0.8439258,0,0,,,,
129,2,2,0.9985845,1,1,,,,
130,5,0,0.7257215,0,0,,,,
131,3,3,0.998367,1,1,,,,
132,5,5,0.97505957,1,1,,,,
133,0,0,0.7691545,0,0,,,,
134,1,1,0.9960752,1,1,,,,
135,1,1,0.99904674,1,1,,,,
136,0,0,0.61025226,0,0,,,,
137,5,5,0.9874515,1,1,,,,
138,5,5,0.76001894,0,0,,,,
139,5,5,0.97398096,1,1,,,,
140,5,5,0.9887842,1,1,,,,
141,5,5,0.99719477,1,1,,,,
142,4,4,0.9991565,1,1,,,,
143,2,5,0.65677655,0,0,,,,
144,2,2,0.9898718,1,1,,,,
145,5,5,0.6844916,0,0,,,,
146,2,2,0.9971927,1,1,,,,
147,2,5,0.9210883,0,1,,,,
148,2,2,0.9700171,1,1,,,,
149,5,5,0.54619527,0,0,,,,
150,5,2,0.8757459,0,1,,,,
151,0,0,0.91015154,1,1,,,,
152,5,0,0.70437586,0,0,,,,
153,5,5,0.78912526,0,0,,,,
154,0,1,0.4124988,0,0,,,,
155,2,2,0.9666776,1,1,,,,
156,5,5,0.802502,0,0,,,,
157,2,2,0.9988123,1,1,,,,
158,5,5,0.99758804,1,1,,,,
159,4,4,0.9998567,1,1,,,,
160,2,2,0.99732375,1,1,,,,
161,5,5,0.99456257,1,1,,,,
162,2,2,0.9976184,1,1,,,,
163,2,2,0.9978635,1,1,,,,
164,2,0,0.47618666,0,0,,,,
165,2,2,0.9987208,1,1,,,,
166,5,5,0.9791749,1,1,,,,
167,5,5,0.9978194,1,1,,,,
168,5,2,0.56075114,0,0,,,,
169,4,4,0.9997191,1,1,,,,
170,2,0,0.50967664,0,0,,,,
171,2,2,0.9918132,1,1,,,,
172,5,5,0.74842477,0,0,,,,
173,5,5,0.71811116,0,0,,,,
174,5,5,0.97465646,1,1,,,,
175,1,1,0.9885627,1,1,,,,
176,5,5,0.8671541,0,0,,,,
177,1,1,0.9986657,1,1,,,,
178,1,1,0.9995061,1,1,,,,
179,2,5,0.73931104,0,0,,,,
180,5,5,0.94165975,1,1,,,,
181,3,3,0.99886703,1,1,,,,
182,2,2,0.7494806,0,0,,,,
183,2,2,0.99824476,1,1,,,,
184,2,2,0.9989837,1,1,,,,
185,5,5,0.9857572,1,1,,,,
186,5,5,0.9733343,1,1,,,,
187,5,5,0.9956957,1,1,,,,
188,2,2,0.99824727,1,1,,,,
189,5,5,0.96463346,1,1,,,,
190,0,0,0.99418443,1,1,,,,
191,5,5,0.9986468,1,1,,,,
192,2,2,0.9902126,1,1,,,,
193,5,5,0.75581336,0,0,,,,
194,1,1,0.9975514,1,1,,,,
195,0,0,0.9409154,1,1,,,,
196,3,3,0.99881315,1,1,,,,
197,5,5,0.99156874,1,1,,,,
198,2,2,0.99705195,1,1,,,,
199,1,1,0.9980261,1,1,,,,
200,5,5,0.9979353,1,1,,,,
201,1,1,0.98632693,1,1,,,,
202,2,2,0.998007,1,1,,,,
203,5,5,0.99369025,1,1,,,,
204,5,5,0.9876995,1,1,,,,
205,5,0,0.71025145,0,0,,,,
206,5,5,0.987916,1,1,,,,
207,0,0,0.75837964,0,0,,,,
208,4,4,0.9976793,1,1,,,,
209,5,5,0.9851688,1,1,,,,
210,5,5,0.9970692,1,1,,,,
211,5,2,0.736247,0,0,,,,
212,5,5,0.8568211,0,0,,,,
213,2,2,0.997191,1,1,,,,
214,5,5,0.9934935,1,1,,,,
215,5,2,0.619473,0,0,,,,
216,5,5,0.9959965,1,1,,,,
217,0,0,0.9891003,1,1,,,,
218,2,2,0.9978364,1,1,,,,
219,2,2,0.97696066,1,1,,,,
220,4,4,0.9995907,1,1,,,,
221,5,5,0.99693716,1,1,,,,
222,5,5,0.995968,1,1,,,,
223,5,5,0.9764664,1,1,,,,
224,1,1,0.97319555,1,1,,,,
225,0,0,0.9399109,1,1,,,,
226,5,2,0.6844916,0,0,,,,
227,5,5,0.5434547,0,0,,,,
228,1,1,0.993658,1,1,,,,
229,2,2,0.99849224,1,1,,,,
230,2,2,0.9981494,1,1,,,,
231,1,1,0.999488,1,1,,,,
232,4,4,0.99980015,1,1,,,,
233,2,2,0.953208,1,1,,,,
234,5,5,0.62334883,0,0,,,,
235,5,5,0.99809057,1,1,,,,
236,2,2,0.9853533,1,1,,,,
237,2,2,0.99454087,1,1,,,,
238,2,2,0.98697346,1,1,,,,
239,1,1,0.9983133,1,1,,,,
240,1,1,0.9904767,1,1,,,,
241,5,5,0.58593583,0,0,,,,
242,2,2,0.99865025,1,1,,,,
243,5,5,0.73062503,0,0,,,,
244,2,0,0.99722904,0,1,,,,
245,2,2,0.58009887,0,0,,,,
246,2,2,0.99211323,1,1,,,,
247,5,5,0.8275391,0,0,,,,
248,2,5,0.6590131,0,0,,,,
249,0,0,0.95993346,1,1,,,,
250,5,5,0.99929476,1,1,,,,
251,2,2,0.99528474,1,1,,,,
252,2,2,0.9795233,1,1,,,,
253,5,5,0.7327571,0,0,,,,
254,2,2,0.99368036,1,1,,,,
255,5,5,0.8109857,0,0,,,,
256,5,4,0.5840168,0,0,,,,
257,4,4,0.9992536,1,1,,,,
258,5,2,0.523938,0,0,,,,
259,5,5,0.73651034,0,0,,,,
260,5,5,0.7408483,0,0,,,,
261,5,5,0.9727058,1,1,,,,
262,4,4,0.99860805,1,1,,,,
263,1,1,0.9915946,1,1,,,,
264,2,2,0.9942204,1,1,,,,
265,2,2,0.999191,1,1,,,,
266,2,2,0.99386615,1,1,,,,
267,5,5,0.96161896,1,1,,,,
268,5,5,0.9808117,1,1,,,,
269,5,5,0.9227135,1,1,,,,
270,1,1,0.99535406,1,1,,,,
271,2,2,0.9974355,1,1,,,,
272,4,4,0.98956645,1,1,,,,
273,2,5,0.56554323,0,0,,,,
274,2,5,0.5503164,0,0,,,,
275,5,5,0.9750923,1,1,,,,
276,5,0,0.8233734,0,0,,,,
277,5,5,0.8883525,1,1,,,,
278,0,0,0.9878023,1,1,,,,
279,5,2,0.58404595,0,0,,,,
280,2,2,0.9888326,1,1,,,,
281,5,5,0.90251356,1,1,,,,
282,1,1,0.9976458,1,1,,,,
283,5,5,0.9994129,1,1,,,,
284,4,4,0.9992417,1,1,,,,
285,2,2,0.9991881,1,1,,,,
286,2,2,0.9961654,1,1,,,,
287,5,5,0.98406965,1,1,,,,
288,4,4,0.99957603,1,1,,,,
289,5,5,0.99664813,1,1,,,,
290,5,5,0.9306389,1,1,,,,
291,5,2,0.8880294,0,1,,,,
292,1,1,0.86682355,0,0,,,,
293,2,2,0.9891777,1,1,,,,
294,2,2,0.99649066,1,1,,,,
295,0,0,0.66434836,0,0,,,,
296,5,5,0.9936586,1,1,,,,
297,5,5,0.9982358,1,1,,,,
298,2,2,0.9991708,1,1,,,,
299,3,3,0.99907815,1,1,,,,
300,5,5,0.8782218,1,1,,,,
301,5,5,0.7858219,0,0,,,,
302,5,5,0.98463804,1,1,,,,
303,5,5,0.9840338,1,1,,,,
304,4,4,0.9997342,1,1,,,,
305,5,5,0.9758851,1,1,,,,
306,2,2,0.9940263,1,1,,,,
307,2,2,0.98709524,1,1,,,,
308,5,2,0.503416,0,0,,,,
309,5,5,0.7564222,0,0,,,,
310,2,2,0.9966415,1,1,,,,
311,5,5,0.99450725,1,1,,,,
312,2,2,0.63859576,0,0,,,,
313,1,1,0.9079044,1,1,,,,
314,2,2,0.9991949,1,1,,,,
315,5,5,0.7040512,0,0,,,,
316,2,2,0.9959033,1,1,,,,
317,4,4,0.9990109,1,1,,,,
318,2,5,0.72390693,0,0,,,,
319,5,1,0.7997949,0,0,,,,
320,5,5,0.8689149,0,0,,,,
321,5,0,0.990279,0,1,,,,
322,2,2,0.99653304,1,1,,,,
323,4,4,0.9976299,1,1,,,,
324,5,5,0.8115494,0,0,,,,
325,5,1,0.43948936,0,0,,,,
326,5,5,0.74846995,0,0,,,,
327,2,2,0.9309112,1,1,,,,
328,2,2,0.53916013,0,0,,,,
329,2,2,0.98743755,1,1,,,,
330,5,2,0.62546355,0,0,,,,
331,5,0,0.6991853,0,0,,,,
332,5,5,0.7902611,0,0,,,,
333,5,5,0.9912581,1,1,,,,
334,5,5,0.9792069,1,1,,,,
335,2,5,0.54462814,0,0,,,,
336,3,3,0.9931138,1,1,,,,
337,5,2,0.5317828,0,0,,,,
338,5,2,0.87481415,0,1,,,,
339,2,2,0.95851994,1,1,,,,
340,5,2,0.59311175,0,0,,,,
341,5,5,0.98784167,1,1,,,,
342,3,3,0.9976936,1,1,,,,
343,4,4,0.9996132,1,1,,,,
344,2,2,0.99394786,1,1,,,,
345,5,5,0.91678095,1,1,,,,
346,5,5,0.99254745,1,1,,,,
347,3,3,0.9990337,1,1,,,,
348,3,3,0.9985002,1,1,,,,
349,5,5,0.95990324,1,1,,,,
350,2,2,0.9961999,1,1,,,,
351,2,5,0.6327062,0,0,,,,
352,5,2,0.9570602,0,1,,,,
353,1,5,0.5257521,0,0,,,,
354,2,2,0.98154205,1,1,,,,
355,4,4,0.99945873,1,1,,,,
356,5,5,0.7730655,0,0,,,,
357,0,0,0.921378,1,1,,,,
358,2,2,0.99741167,1,1,,,,
359,5,5,0.71586263,0,0,,,,
360,5,2,0.83512866,0,0,,,,
361,3,3,0.99854964,1,1,,,,
362,5,2,0.66205245,0,0,,,,
363,5,5,0.99652845,1,1,,,,
364,2,5,0.81279284,0,0,,,,
365,3,3,0.99683964,1,1,,,,
366,2,2,0.9960484,1,1,,,,
367,2,2,0.9954456,1,1,,,,
368,2,2,0.99825066,1,1,,,,
369,5,5,0.99662673,1,1,,,,
370,5,5,0.99314934,1,1,,,,
371,5,2,0.50039184,0,0,,,,
372,2,2,0.9982072,1,1,,,,
373,5,5,0.99672407,1,1,,,,
374,5,5,0.7460467,0,0,,,,
375,5,5,0.83745956,0,0,,,,
376,4,4,0.9855275,1,1,,,,
377,5,5,0.9074806,1,1,,,,
378,0,0,0.9560113,1,1,,,,
379,2,2,0.9875617,1,1,,,,
380,4,4,0.9996216,1,1,,,,
381,2,2,0.9976077,1,1,,,,
382,5,5,0.9922726,1,1,,,,
383,5,5,0.9696916,1,1,,,,
384,5,5,0.7635633,0,0,,,,
385,5,5,0.99564075,1,1,,,,
386,5,5,0.9885999,1,1,,,,
387,4,4,0.99959356,1,1,,,,
388,4,4,0.9992778,1,1,,,,
389,1,1,0.9006403,1,1,,,,
390,2,2,0.99596953,1,1,,,,
391,4,4,0.9992213,1,1,,,,
392,2,2,0.9990213,1,1,,,,
393,2,2,0.993676,1,1,,,,
394,5,5,0.99405175,1,1,,,,
395,5,5,0.8388384,0,0,,,,
396,5,5,0.9973127,1,1,,,,
397,5,5,0.99763227,1,1,,,,
398,4,4,0.9971144,1,1,,,,
399,5,0,0.7541853,0,0,,,,
400,2,2,0.99386203,1,1,,,,
401,5,5,0.99785346,1,1,,,,
402,5,5,0.9751576,1,1,,,,
403,5,2,0.6173196,0,0,,,,
404,2,2,0.9972818,1,1,,,,
405,2,2,0.9980812,1,1,,,,
406,2,2,0.9963748,1,1,,,,
407,0,0,0.9735885,1,1,,,,
408,2,5,0.6811162,0,0,,,,
409,5,5,0.54353005,0,0,,,,
410,2,2,0.99029315,1,1,,,,
411,2,2,0.99925643,1,1,,,,
412,2,2,0.9987815,1,1,,,,
413,5,5,0.97990924,1,1,,,,
414,4,4,0.99971956,1,1,,,,
415,2,2,0.9188374,1,1,,,,
416,4,4,0.9988103,1,1,,,,
417,2,2,0.9983145,1,1,,,,
418,2,2,0.9929311,1,1,,,,
419,2,2,0.956162,1,1,,,,
420,5,5,0.9952461,1,1,,,,
421,5,5,0.77474344,0,0,,,,
422,2,2,0.9955942,1,1,,,,
423,5,0,0.43822077,0,0,,,,
424,2,2,0.9863122,1,1,,,,
425,2,2,0.99072695,1,1,,,,
426,2,2,0.54479486,0,0,,,,
427,5,2,0.825036,0,0,,,,
428,4,4,0.9994998,1,1,,,,
429,5,5,0.9849133,1,1,,,,
430,2,2,0.99739206,1,1,,,,
431,2,2,0.49564287,0,0,,,,
432,1,1,0.91687953,1,1,,,,
433,2,2,0.7471533,0,0,,,,
434,5,5,0.9497931,1,1,,,,
435,5,5,0.9691817,1,1,,,,
436,5,5,0.99634856,1,1,,,,
437,5,5,0.6743014,0,0,,,,
438,0,0,0.8109511,0,0,,,,
439,4,4,0.9983577,1,1,,,,
440,5,0,0.72520363,0,0,,,,
441,5,5,0.5345007,0,0,,,,
442,5,5,0.70404994,0,0,,,,
443,5,1,0.52875054,0,0,,,,
444,4,4,0.99962795,1,1,,,,
445,5,5,0.9841388,1,1,,,,
446,4,4,0.99068505,1,1,,,,
447,3,3,0.9990877,1,1,,,,
448,5,5,0.99611545,1,1,,,,
449,5,5,0.9401473,1,1,,,,
450,5,5,0.9971366,1,1,,,,
451,5,5,0.9892792,1,1,,,,
452,2,2,0.65925664,0,0,,,,
453,1,1,0.53072125,0,0,,,,
454,5,2,0.701128,0,0,,,,
455,2,2,0.99616665,1,1,,,,
456,5,2,0.636693,0,0,,,,
457,5,5,0.68634856,0,0,,,,
458,5,2,0.61574894,0,0,,,,
459,5,5,0.98617166,1,1,,,,
460,2,1,0.7808048,0,0,,,,
461,5,5,0.99733365,1,1,,,,
462,1,1,0.9878577,1,1,,,,
463,5,2,0.5023259,0,0,,,,
464,2,2,0.99788433,1,1,,,,
465,5,2,0.734454,0,0,,,,
466,5,5,0.7743176,0,0,,,,
467,5,5,0.9949764,1,1,,,,
468,2,2,0.9971928,1,1,,,,
469,2,2,0.99819934,1,1,,,,
470,5,5,0.8588813,0,0,,,,
471,1,1,0.9949214,1,1,,,,
472,5,5,0.990681,1,1,,,,
473,5,5,0.9859648,1,1,,,,
474,5,2,0.93552774,0,1,,,,
475,5,2,0.81966853,0,0,,,,
476,5,2,0.8762334,0,1,,,,
477,5,2,0.64356637,0,0,,,,
478,5,2,0.85573816,0,0,,,,
479,0,0,0.8442485,0,0,,,,
480,2,2,0.99495393,1,1,,,,
481,5,5,0.9700062,1,1,,,,
482,5,5,0.8416865,0,0,,,,
483,5,2,0.594977,0,0,,,,
484,4,4,0.96333826,1,1,,,,
485,5,2,0.7328933,0,0,,,,
486,2,5,0.56966496,0,0,,,,
487,5,5,0.99700516,1,1,,,,
488,5,2,0.82680637,0,0,,,,
489,5,5,0.97052854,1,1,,,,
490,0,5,0.8682682,0,0,,,,
491,2,5,0.7324337,0,0,,,,
492,0,0,0.9667576,1,1,,,,
493,5,5,0.9189402,1,1,,,,
494,2,2,0.96770746,1,1,,,,
495,2,2,0.9941251,1,1,,,,
496,0,0,0.9603171,1,1,,,,
497,5,5,0.9911253,1,1,,,,
498,5,5,0.7629973,0,0,,,,
499,3,3,0.9982597,1,1,,,,
500,1,1,0.9956858,1,1,,,,
501,2,2,0.9952058,1,1,,,,
502,5,2,0.84291303,0,0,,,,
503,4,4,0.9993113,1,1,,,,
504,5,5,0.5263042,0,0,,,,
505,2,2,0.9968272,1,1,,,,
506,5,5,0.932595,1,1,,,,
507,1,1,0.99629873,1,1,,,,
508,1,1,0.988644,1,1,,,,
509,4,4,0.9938021,1,1,,,,
510,2,2,0.996865,1,1,,,,
511,2,5,0.6446245,0,0,,,,
512,5,0,0.72753435,0,0,,,,
513,2,2,0.99631613,1,1,,,,
514,3,3,0.9988589,1,1,,,,
515,5,2,0.8740925,0,1,,,,
516,2,2,0.99207264,1,1,,,,
517,4,4,0.99189353,1,1,,,,
518,5,5,0.9994948,1,1,,,,
519,5,5,0.98020554,1,1,,,,
520,5,5,0.9292612,1,1,,,,
521,5,5,0.99723995,1,1,,,,
522,5,2,0.71260744,0,0,,,,
523,0,0,0.9499575,1,1,,,,
524,5,5,0.9502473,1,1,,,,
525,5,5,0.9989648,1,1,,,,
526,5,0,0.81895614,0,0,,,,
527,5,5,0.71584404,0,0,,,,
528,1,1,0.9777043,1,1,,,,
529,4,4,0.9997416,1,1,,,,
530,2,2,0.9979796,1,1,,,,
531,1,1,0.96925026,1,1,,,,
532,4,4,0.9992581,1,1,,,,
533,5,5,0.88665545,1,1,,,,
534,5,5,0.7654385,0,0,,,,
535,5,5,0.99537104,1,1,,,,
536,4,4,0.99518377,1,1,,,,
537,5,5,0.9933669,1,1,,,,
538,5,2,0.9474206,0,1,,,,
539,5,5,0.99322045,1,1,,,,
540,5,5,0.9522783,1,1,,,,
541,2,2,0.9806239,1,1,,,,
542,5,5,0.73891675,0,0,,,,
543,4,4,0.9985273,1,1,,,,
544,5,2,0.7947907,0,0,,,,
545,5,2,0.91945577,0,1,,,,
546,1,1,0.9212515,1,1,,,,
547,5,5,0.99409556,1,1,,,,
548,2,2,0.99887174,1,1,,,,
549,5,5,0.89197105,1,1,,,,
550,5,5,0.8723801,1,1,,,,
551,0,0,0.91684085,1,1,,,,
552,2,2,0.99909186,1,1,,,,
553,5,0,0.67175394,0,0,,,,
554,5,5,0.9838504,1,1,,,,
555,1,1,0.99889696,1,1,,,,
556,2,2,0.961424,1,1,,,,
557,1,1,0.99920195,1,1,,,,
558,2,2,0.9806675,1,1,,,,
559,2,2,0.998982,1,1,,,,
560,2,2,0.998944,1,1,,,,
561,2,2,0.98826504,1,1,,,,
562,3,3,0.9993094,1,1,,,,
563,2,2,0.99695086,1,1,,,,
564,5,5,0.988042,1,1,,,,
565,2,2,0.97012836,1,1,,,,
566,2,2,0.95447046,1,1,,,,
567,2,2,0.9806293,1,1,,,,
568,2,2,0.7392971,0,0,,,,
569,5,5,0.8253049,0,0,,,,
570,5,5,0.99812883,1,1,,,,
571,2,2,0.9301888,1,1,,,,
572,0,0,0.85880625,0,0,,,,
573,3,3,0.9981012,1,1,,,,
574,2,5,0.9909787,0,1,,,,
575,5,5,0.8968704,1,1,,,,
576,5,2,0.8322258,0,0,,,,
577,2,2,0.9973537,1,1,,,,
578,5,5,0.8987112,1,1,,,,
579,4,4,0.8502725,0,0,,,,
580,5,5,0.5264629,0,0,,,,
581,4,4,0.99972886,1,1,,,,
582,5,2,0.62999105,0,0,,,,
583,5,5,0.87384677,1,1,,,,
584,2,2,0.9127679,1,1,,,,
585,5,5,0.993822,1,1,,,,
586,5,5,0.952748,1,1,,,,
587,5,5,0.9886284,1,1,,,,
588,5,5,0.9711732,1,1,,,,
589,1,1,0.8832657,1,1,,,,
590,2,2,0.9879412,1,1,,,,
591,2,5,0.5353884,0,0,,,,
592,5,2,0.4210252,0,0,,,,
593,5,5,0.9053905,1,1,,,,
594,2,5,0.8989117,0,1,,,,
595,1,1,0.9925775,1,1,,,,
596,5,2,0.6388841,0,0,,,,
597,5,2,0.94132096,0,1,,,,
598,2,2,0.9939032,1,1,,,,
599,2,5,0.89387155,0,1,,,,
600,2,2,0.9943521,1,1,,,,
601,5,2,0.9473856,0,1,,,,
602,4,4,0.9962955,1,1,,,,
603,5,2,0.73724025,0,0,,,,
604,4,4,0.9993443,1,1,,,,
605,2,2,0.99797124,1,1,,,,
606,2,2,0.9947693,1,1,,,,
607,3,3,0.9986498,1,1,,,,
608,0,1,0.4670133,0,0,,,,
609,5,5,0.9475009,1,1,,,,
610,2,2,0.86476904,0,0,,,,
611,2,2,0.99333847,1,1,,,,
612,5,5,0.9972434,1,1,,,,
613,5,2,0.91183764,0,1,,,,
614,2,2,0.99065185,1,1,,,,
615,4,4,0.9988673,1,1,,,,
616,2,2,0.99281526,1,1,,,,
617,5,5,0.933148,1,1,,,,
618,4,4,0.99097157,1,1,,,,
619,2,2,0.99666685,1,1,,,,
620,5,5,0.9819036,1,1,,,,
621,4,4,0.9986779,1,1,,,,
622,2,5,0.5904602,0,0,,,,
623,5,5,0.817535,0,0,,,,
624,2,2,0.999647,1,1,,,,
625,3,3,0.99821305,1,1,,,,
626,5,5,0.92653704,1,1,,,,
627,1,1,0.9960083,1,1,,,,
628,2,5,0.7458465,0,0,,,,
629,5,5,0.99343175,1,1,,,,
630,5,5,0.926473,1,1,,,,
631,0,0,0.83895135,0,0,,,,
632,0,0,0.79258865,0,0,,,,
633,5,5,0.9977609,1,1,,,,
634,5,2,0.7016955,0,0,,,,
635,2,2,0.9933762,1,1,,,,
636,5,5,0.99859124,1,1,,,,
637,5,5,0.9442,1,1,,,,
638,1,1,0.99785525,1,1,,,,
639,5,5,0.8852745,1,1,,,,
640,2,2,0.96995854,1,1,,,,
641,5,5,0.9612983,1,1,,,,
642,5,5,0.7437246,0,0,,,,
643,4,4,0.99942267,1,1,,,,
644,2,2,0.8285115,0,0,,,,
645,5,5,0.5803549,0,0,,,,
646,2,2,0.71347195,0,0,,,,
647,5,5,0.9661474,1,1,,,,
648,3,3,0.99902046,1,1,,,,
649,2,2,0.99646974,1,1,,,,
650,2,2,0.97707385,1,1,,,,
651,4,4,0.9283993,1,1,,,,
652,5,5,0.7781647,0,0,,,,
653,2,2,0.99826103,1,1,,,,
654,1,1,0.7258629,0,0,,,,
655,2,2,0.9980684,1,1,,,,
656,1,1,0.9721891,1,1,,,,
657,5,2,0.65845317,0,0,,,,
658,4,4,0.9536215,1,1,,,,
659,2,2,0.98972416,1,1,,,,
660,2,2,0.99153626,1,1,,,,
661,5,5,0.7955757,0,0,,,,
662,5,5,0.64352876,0,0,,,,
663,5,2,0.6058716,0,0,,,,
664,5,2,0.78784853,0,0,,,,
665,5,5,0.9955764,1,1,,,,
666,3,3,0.9983327,1,1,,,,
667,5,2,0.7652934,0,0,,,,
668,5,5,0.8851343,1,1,,,,
669,2,2,0.941126,1,1,,,,
670,5,2,0.81713927,0,0,,,,
671,5,0,0.7032057,0,0,,,,
672,5,5,0.98418033,1,1,,,,
673,5,5,0.79644173,0,0,,,,
674,4,4,0.99951255,1,1,,,,
675,2,2,0.9955794,1,1,,,,
676,5,5,0.9995722,1,1,,,,
677,2,2,0.98676664,1,1,,,,
678,2,5,0.47842816,0,0,,,,
679,5,5,0.99594396,1,1,,,,
680,3,3,0.9993261,1,1,,,,
681,2,2,0.99517596,1,1,,,,
682,5,5,0.9968721,1,1,,,,
683,5,5,0.92564535,1,1,,,,
684,1,1,0.99366426,1,1,,,,
685,5,5,0.7736774,0,0,,,,
686,5,5,0.9585793,1,1,,,,
687,4,4,0.9992724,1,1,,,,
688,4,4,0.9986621,1,1,,,,
689,5,5,0.9983972,1,1,,,,
690,2,2,0.9803494,1,1,,,,
691,3,3,0.99910104,1,1,,,,
692,5,5,0.8468564,0,0,,,,
693,2,2,0.9838922,1,1,,,,
694,5,5,0.8772634,1,1,,,,
695,5,5,0.846968,0,0,,,,
696,2,5,0.8196378,0,0,,,,
697,2,2,0.81764996,0,0,,,,
698,2,2,0.9979735,1,1,,,,
699,2,2,0.9885737,1,1,,,,
700,5,5,0.9931601,1,1,,,,
701,3,3,0.998448,1,1,,,,
702,0,0,0.41039136,0,0,,,,
703,5,5,0.9954875,1,1,,,,
704,5,2,0.5686628,0,0,,,,
705,2,2,0.9920946,1,1,,,,
706,1,5,0.5414306,0,0,,,,
707,2,2,0.99851114,1,1,,,,
708,4,4,0.99252784,1,1,,,,
709,5,5,0.99904364,1,1,,,,
710,4,4,0.9995685,1,1,,,,
711,5,0,0.8865528,0,1,,,,
712,5,5,0.9802757,1,1,,,,
713,5,5,0.59289366,0,0,,,,
714,3,3,0.99846125,1,1,,,,
715,5,5,0.75191015,0,0,,,,
716,2,2,0.9854393,1,1,,,,
717,2,2,0.984792,1,1,,,,
718,2,2,0.98758286,1,1,,,,
719,5,5,0.98598135,1,1,,,,
720,2,5,0.5512335,0,0,,,,
721,2,2,0.99070436,1,1,,,,
722,5,5,0.99760383,1,1,,,,
723,2,2,0.8146412,0,0,,,,
724,5,5,0.9742019,1,1,,,,
725,4,4,0.99455523,1,1,,,,
726,2,2,0.99558556,1,1,,,,
727,5,5,0.9245636,1,1,,,,
728,5,5,0.9926813,1,1,,,,
729,5,3,0.8774646,0,1,,,,
730,5,5,0.89695305,1,1,,,,
731,4,4,0.9993135,1,1,,,,
732,2,2,0.99394906,1,1,,,,
733,2,2,0.7131885,0,0,,,,
734,5,5,0.8349426,0,0,,,,
735,3,3,0.99604094,1,1,,,,
736,5,5,0.9963762,1,1,,,,
737,5,2,0.75545764,0,0,,,,
738,5,5,0.99229264,1,1,,,,
739,2,2,0.98781234,1,1,,,,
740,2,5,0.51172215,0,0,,,,
741,2,2,0.66826475,0,0,,,,
742,5,5,0.83212787,0,0,,,,
743,2,5,0.5531906,0,0,,,,
744,1,1,0.7778101,0,0,,,,
745,2,5,0.80848116,0,0,,,,
746,2,2,0.99606246,1,1,,,,
747,3,3,0.9990557,1,1,,,,
748,4,4,0.9988772,1,1,,,,
749,4,4,0.99896204,1,1,,,,
750,2,2,0.9956369,1,1,,,,
751,3,3,0.99666435,1,1,,,,
752,5,5,0.7406072,0,0,,,,
753,5,5,0.92827576,1,1,,,,
754,4,4,0.9995809,1,1,,,,
755,2,2,0.75169396,0,0,,,,
756,5,2,0.92361087,0,1,,,,
757,5,5,0.67259264,0,0,,,,
758,5,5,0.9361087,1,1,,,,
759,5,5,0.9920507,1,1,,,,
760,5,2,0.9332915,0,1,,,,
761,5,5,0.9959149,1,1,,,,
762,1,1,0.98921764,1,1,,,,
763,2,2,0.99836284,1,1,,,,
764,0,0,0.73324406,0,0,,,,
765,2,2,0.6831157,0,0,,,,
766,5,2,0.5896383,0,0,,,,
767,4,4,0.9995515,1,1,,,,
768,2,2,0.99735665,1,1,,,,
769,5,5,0.8961106,1,1,,,,
770,3,3,0.9985013,1,1,,,,
771,5,5,0.98944366,1,1,,,,
772,1,1,0.9960782,1,1,,,,
773,2,2,0.55875117,0,0,,,,
774,5,5,0.961096,1,1,,,,
775,1,5,0.48722628,0,0,,,,
776,4,4,0.9981604,1,1,,,,
777,3,3,0.9981749,1,1,,,,
778,5,5,0.9742431,1,1,,,,
779,2,2,0.9938319,1,1,,,,
780,5,5,0.9979753,1,1,,,,
781,2,2,0.9972389,1,1,,,,
782,5,5,0.99703455,1,1,,,,
783,5,5,0.9958117,1,1,,,,
784,2,2,0.99326915,1,1,,,,
785,4,4,0.9994412,1,1,,,,
786,2,2,0.9349051,1,1,,,,
787,2,2,0.98974985,1,1,,,,
788,2,2,0.95757455,1,1,,,,
789,4,4,0.99900216,1,1,,,,
790,4,4,0.99940753,1,1,,,,
791,5,5,0.99631643,1,1,,,,
792,2,2,0.8831869,1,1,,,,
793,5,5,0.70039463,0,0,,,,
794,2,5,0.62031054,0,0,,,,
795,0,0,0.8918465,1,1,,,,
796,5,5,0.99850047,1,1,,,,
797,5,5,0.99636865,1,1,,,,
798,2,2,0.88710785,1,1,,,,
799,5,5,0.99847025,1,1,,,,
800,5,5,0.7230113,0,0,,,,
801,5,5,0.9764681,1,1,,,,
802,0,0,0.97466147,1,1,,,,
803,5,5,0.98927045,1,1,,,,
804,5,5,0.9983059,1,1,,,,
805,5,5,0.44060403,0,0,,,,
806,1,1,0.99705875,1,1,,,,
807,5,5,0.9974306,1,1,,,,
808,2,5,0.58332896,0,0,,,,
809,2,2,0.6543349,0,0,,,,
810,5,5,0.866154,0,0,,,,
811,2,2,0.99863154,1,1,,,,
812,5,5,0.9264732,1,1,,,,
813,1,2,0.4538048,0,0,,,,
814,5,5,0.999589,1,1,,,,
815,4,4,0.9829321,1,1,,,,
816,5,5,0.88760805,1,1,,,,
817,3,3,0.9987583,1,1,,,,
818,1,1,0.98436385,1,1,,,,
819,4,4,0.9964689,1,1,,,,
820,1,1,0.9906749,1,1,,,,
821,0,0,0.8392276,0,0,,,,
822,5,5,0.9998098,1,1,,,,
823,2,2,0.65499365,0,0,,,,
824,2,2,0.99529356,1,1,,,,
825,5,5,0.7447524,0,0,,,,
826,5,5,0.7175098,0,0,,,,
827,5,5,0.82206076,0,0,,,,
828,2,0,0.4629094,0,0,,,,
829,5,5,0.85650724,0,0,,,,
830,2,2,0.9992895,1,1,,,,
831,5,5,0.9085373,1,1,,,,
832,5,5,0.808916,0,0,,,,
833,2,2,0.99712294,1,1,,,,
834,2,2,0.9949191,1,1,,,,
835,1,1,0.99874437,1,1,,,,
836,5,5,0.98304236,1,1,,,,
837,5,5,0.6577134,0,0,,,,
838,5,2,0.7623046,0,0,,,,
839,2,2,0.99401927,1,1,,,,
840,2,2,0.9965148,1,1,,,,
841,2,2,0.80539876,0,0,,,,
842,5,5,0.9238704,1,1,,,,
843,4,4,0.999252,1,1,,,,
844,4,4,0.9978404,1,1,,,,
845,5,5,0.90781677,1,1,,,,
846,2,2,0.99367946,1,1,,,,
847,2,2,0.99103546,1,1,,,,
848,2,2,0.9960853,1,1,,,,
849,2,2,0.99838424,1,1,,,,
850,2,2,0.976528,1,1,,,,
851,5,5,0.99429095,1,1,,,,
852,2,2,0.99696034,1,1,,,,
853,4,4,0.9993969,1,1,,,,
854,5,5,0.9975591,1,1,,,,
855,2,2,0.99481446,1,1,,,,
856,2,2,0.9929396,1,1,,,,
857,1,1,0.955941,1,1,,,,
858,5,5,0.82566184,0,0,,,,
859,5,5,0.96086293,1,1,,,,
860,2,2,0.96785605,1,1,,,,
861,2,0,0.3993461,0,0,,,,
862,5,2,0.53062195,0,0,,,,
863,5,5,0.99385357,1,1,,,,
864,5,5,0.99329937,1,1,,,,
865,5,5,0.996429,1,1,,,,
866,2,2,0.8686007,0,0,,,,
867,1,1,0.81996953,0,0,,,,
868,3,3,0.99893194,1,1,,,,
869,4,4,0.99880993,1,1,,,,
870,5,5,0.5764108,0,0,,,,
871,2,5,0.37726,0,0,,,,
872,2,2,0.900674,1,1,,,,
873,5,5,0.99244374,1,1,,,,
874,2,2,0.9610885,1,1,,,,
875,2,2,0.9980081,1,1,,,,
876,4,4,0.9987155,1,1,,,,
877,5,5,0.7795281,0,0,,,,
878,5,5,0.81047815,0,0,,,,
879,5,5,0.49087682,0,0,,,,
880,5,5,0.9978787,1,1,,,,
881,5,5,0.9885245,1,1,,,,
882,2,2,0.9915217,1,1,,,,
883,2,5,0.6470458,0,0,,,,
884,4,4,0.99830854,1,1,,,,
885,2,2,0.9868246,1,1,,,,
886,4,4,0.99931836,1,1,,,,
887,5,5,0.98835456,1,1,,,,
888,2,2,0.99858946,1,1,,,,
889,4,4,0.99785703,1,1,,,,
890,5,5,0.9953615,1,1,,,,
891,5,5,0.8438815,0,0,,,,
892,4,4,0.9879843,1,1,,,,
893,2,2,0.9843017,1,1,,,,
894,5,2,0.67470485,0,0,,,,
895,2,2,0.9957237,1,1,,,,
896,5,5,0.88283014,1,1,,,,
897,1,1,0.7316151,0,0,,,,
898,5,5,0.78291756,0,0,,,,
899,2,2,0.98168695,1,1,,,,
900,4,4,0.9616809,1,1,,,,
901,2,2,0.9845717,1,1,,,,
902,2,2,0.9919046,1,1,,,,
903,4,4,0.999729,1,1,,,,
904,2,2,0.99898475,1,1,,,,
905,5,5,0.99568164,1,1,,,,
906,2,5,0.6871855,0,0,,,,
907,2,2,0.782233,0,0,,,,
908,2,2,0.99516886,1,1,,,,
909,2,2,0.98928857,1,1,,,,
910,5,5,0.9802039,1,1,,,,
911,2,2,0.9953941,1,1,,,,
912,5,5,0.97900325,1,1,,,,
913,5,5,0.99834204,1,1,,,,
914,5,5,0.84238493,0,0,,,,
915,5,5,0.86184067,0,0,,,,
916,2,2,0.9942979,1,1,,,,
917,2,5,0.9343637,0,1,,,,
918,5,5,0.72013223,0,0,,,,
919,5,5,0.6097383,0,0,,,,
920,3,3,0.9982488,1,1,,,,
921,5,2,0.7387945,0,0,,,,
922,5,5,0.99302894,1,1,,,,
923,2,2,0.99847656,1,1,,,,
924,3,3,0.998489,1,1,,,,
925,5,0,0.6326137,0,0,,,,
926,5,2,0.9033987,0,1,,,,
927,2,0,0.9982016,0,1,,,,
928,4,4,0.9995085,1,1,,,,
929,2,2,0.59998006,0,0,,,,
930,5,5,0.9914145,1,1,,,,
931,5,5,0.9947515,1,1,,,,
932,2,2,0.9989967,1,1,,,,
933,2,0,0.56726724,0,0,,,,
934,5,5,0.78573895,0,0,,,,
935,5,5,0.95243984,1,1,,,,
936,5,5,0.95431095,1,1,,,,
937,5,5,0.6579722,0,0,,,,
938,4,4,0.99755126,1,1,,,,
939,5,5,0.72017485,0,0,,,,
940,2,2,0.7225581,0,0,,,,
941,3,3,0.9988527,1,1,,,,
942,5,2,0.636514,0,0,,,,
943,5,5,0.9924251,1,1,,,,
944,2,2,0.8619072,0,0,,,,
945,2,2,0.99916077,1,1,,,,
946,4,4,0.9986304,1,1,,,,
947,5,5,0.99238104,1,1,,,,
948,2,2,0.9961202,1,1,,,,
949,4,4,0.9996525,1,1,,,,
950,5,5,0.9947155,1,1,,,,
951,2,2,0.9973527,1,1,,,,
952,0,0,0.8610056,0,0,,,,
953,4,4,0.9989157,1,1,,,,
954,1,1,0.99813676,1,1,,,,
955,3,3,0.99830997,1,1,,,,
956,2,2,0.9951946,1,1,,,,
957,2,2,0.67646635,0,0,,,,
958,2,2,0.99694484,1,1,,,,
959,3,3,0.9987698,1,1,,,,
960,5,5,0.93293184,1,1,,,,
961,2,2,0.99397546,1,1,,,,
962,5,5,0.8237454,0,0,,,,
963,1,1,0.84480375,0,0,,,,
964,4,4,0.99975544,1,1,,,,
965,4,4,0.99853253,1,1,,,,
966,4,4,0.99948573,1,1,,,,
967,5,5,0.63475496,0,0,,,,
968,2,5,0.6557966,0,0,,,,
969,2,2,0.99826896,1,1,,,,
970,5,5,0.99157894,1,1,,,,
971,2,2,0.99139386,1,1,,,,
972,2,2,0.9719652,1,1,,,,
973,5,5,0.7266195,0,0,,,,
974,5,5,0.9940041,1,1,,,,
975,5,5,0.62564784,0,0,,,,
976,5,5,0.86286235,0,0,,,,
977,5,5,0.79360515,0,0,,,,
978,2,5,0.6231323,0,0,,,,
979,5,5,0.99191964,1,1,,,,
980,1,1,0.98910016,1,1,,,,
981,5,5,0.99782145,1,1,,,,
982,2,2,0.9878034,1,1,,,,
983,5,5,0.83790034,0,0,,,,
984,5,5,0.72165376,0,0,,,,
985,5,5,0.99507457,1,1,,,,
986,2,2,0.99500704,1,1,,,,
987,5,2,0.85680366,0,0,,,,
988,5,5,0.7098793,0,0,,,,
989,2,2,0.9874001,1,1,,,,
990,1,1,0.981961,1,1,,,,
991,5,5,0.97940034,1,1,,,,
992,5,5,0.99748284,1,1,,,,
993,2,2,0.96874744,1,1,,,,
994,2,2,0.9982773,1,1,,,,
995,3,3,0.99909043,1,1,,,,
996,2,2,0.9969592,1,1,,,,
997,5,5,0.97915,1,1,,,,
998,4,4,0.99678683,1,1,,,,
999,2,2,0.9747214,1,1,,,,
1000,5,5,0.9607207,1,1,,,,
1001,5,5,0.78808856,0,0,,,,
1002,2,2,0.99830925,1,1,,,,
1003,5,5,0.6058699,0,0,,,,
1004,2,2,0.99627197,1,1,,,,
1005,2,2,0.99636793,1,1,,,,
1006,2,5,0.6778855,0,0,,,,
1007,5,5,0.973224,1,1,,,,
1008,2,2,0.9972978,1,1,,,,
1009,2,2,0.9974131,1,1,,,,
1010,4,4,0.9822655,1,1,,,,
1011,5,2,0.94795585,0,1,,,,
1012,5,5,0.9962645,1,1,,,,
1013,4,4,0.9991186,1,1,,,,
1014,4,4,0.99888057,1,1,,,,
1015,2,2,0.9929941,1,1,,,,
1016,2,2,0.71772903,0,0,,,,
1017,5,0,0.99390256,0,1,,,,
1018,5,5,0.78422856,0,0,,,,
1019,1,1,0.9499039,1,1,,,,
1020,3,3,0.9991235,1,1,,,,
1021,4,4,0.9992182,1,1,,,,
1022,2,2,0.608984,0,0,,,,
1023,5,5,0.9977591,1,1,,,,
1024,2,5,0.5810737,0,0,,,,
1025,2,2,0.9936726,1,1,,,,
1026,5,5,0.9443979,1,1,,,,
1027,4,4,0.99898905,1,1,,,,
1028,2,2,0.7475727,0,0,,,,
1029,2,2,0.98212665,1,1,,,,
1030,5,1,0.56416625,0,0,,,,
1031,2,2,0.9943817,1,1,,,,
1032,2,2,0.844338,0,0,,,,
1033,5,5,0.57298356,0,0,,,,
1034,0,0,0.98075783,1,1,,,,
1035,5,5,0.72094214,0,0,,,,
1036,5,5,0.83739704,0,0,,,,
1037,5,5,0.9947695,1,1,,,,
1038,1,5,0.29719386,0,0,,,,
1039,1,1,0.99062437,1,1,,,,
1040,4,2,0.9181207,0,1,,,,
1041,2,2,0.9987331,1,1,,,,
1042,4,5,0.97252595,0,1,,,,
1043,5,2,0.5803549,0,0,,,,
1044,2,2,0.99643683,1,1,,,,
1045,5,5,0.9906585,1,1,,,,
1046,2,5,0.8030586,0,0,,,,
1047,5,0,0.5442015,0,0,,,,
1048,4,4,0.99930644,1,1,,,,
1049,0,0,0.5627474,0,0,,,,
1050,5,5,0.999806,1,1,,,,
1051,5,5,0.87011373,1,1,,,,
1052,5,5,0.9121943,1,1,,,,
1053,2,2,0.9978017,1,1,,,,
1054,2,2,0.996789,1,1,,,,
1055,5,2,0.5180299,0,0,,,,
1056,5,5,0.99832636,1,1,,,,
1057,2,2,0.998409,1,1,,,,
1058,4,4,0.99794084,1,1,,,,
1059,5,5,0.94043785,1,1,,,,
1060,2,2,0.9823844,1,1,,,,
1061,2,2,0.73848176,0,0,,,,
1062,2,2,0.9894414,1,1,,,,
1063,5,5,0.9700455,1,1,,,,
1064,5,0,0.97058964,0,1,,,,
1065,1,1,0.9784129,1,1,,,,
1066,2,2,0.9952983,1,1,,,,
1067,5,5,0.9983382,1,1,,,,
1068,5,2,0.83745694,0,0,,,,
1069,4,4,0.99899596,1,1,,,,
1070,5,5,0.9636953,1,1,,,,
1071,5,5,0.9904908,1,1,,,,
1072,5,5,0.9915627,1,1,,,,
1073,2,2,0.99465734,1,1,,,,
1074,5,5,0.84470415,0,0,,,,
1075,5,5,0.751611,0,0,,,,
1076,2,2,0.99306786,1,1,,,,
1077,2,5,0.59931135,0,0,,,,
1078,5,5,0.99728656,1,1,,,,
1079,4,4,0.9983991,1,1,,,,
1080,5,5,0.7371592,0,0,,,,
1081,2,2,0.9962535,1,1,,,,
1082,5,5,0.99057746,1,1,,,,
1083,1,1,0.7516721,0,0,,,,
1084,5,5,0.9991529,1,1,,,,
1085,5,5,0.7059419,0,0,,,,
1086,2,2,0.99553216,1,1,,,,
1087,5,5,0.66392946,0,0,,,,
1088,2,5,0.6227047,0,0,,,,
1089,5,5,0.9971426,1,1,,,,
1090,2,0,0.7989652,0,0,,,,
1091,2,2,0.9975701,1,1,,,,
1092,1,1,0.95055455,1,1,,,,
1093,2,2,0.9964761,1,1,,,,
1094,2,5,0.745762,0,0,,,,
1095,2,2,0.9943011,1,1,,,,
1096,2,5,0.6215155,0,0,,,,
1097,5,5,0.9892013,1,1,,,,
1098,5,5,0.8985754,1,1,,,,
1099,5,2,0.96594787,0,1,,,,
1100,5,5,0.59561974,0,0,,,,
1101,4,4,0.99506676,1,1,,,,
1102,5,5,0.99539196,1,1,,,,
1103,3,3,0.9990847,1,1,,,,
1104,2,5,0.3434075,0,0,,,,
1105,5,5,0.95646703,1,1,,,,
1106,5,5,0.9985141,1,1,,,,
1107,1,1,0.999086,1,1,,,,
1108,5,5,0.9936274,1,1,,,,
1109,2,2,0.999099,1,1,,,,
1110,2,0,0.62730736,0,0,,,,
1111,5,5,0.912379,1,1,,,,
1112,2,2,0.99076086,1,1,,,,
1113,2,2,0.95212275,1,1,,,,
1114,5,5,0.983842,1,1,,,,
1115,3,3,0.9991574,1,1,,,,
1116,5,5,0.9969214,1,1,,,,
1117,5,1,0.39235008,0,0,,,,
1118,5,2,0.8211589,0,0,,,,
1119,5,5,0.99133295,1,1,,,,
1120,5,5,0.99507964,1,1,,,,
1121,5,5,0.8489547,0,0,,,,
1122,5,5,0.99801266,1,1,,,,
1123,5,5,0.7880622,0,0,,,,
1124,4,4,0.99962366,1,1,,,,
1125,4,4,0.99916184,1,1,,,,
1126,5,5,0.9573633,1,1,,,,
1127,2,2,0.99543226,1,1,,,,
1128,2,2,0.99750644,1,1,,,,
1129,2,2,0.9985671,1,1,,,,
1130,5,5,0.7010726,0,0,,,,
1131,5,5,0.9896706,1,1,,,,
1132,2,2,0.84145737,0,0,,,,
1133,2,2,0.9976363,1,1,,,,
1134,5,5,0.9863479,1,1,,,,
1135,5,2,0.8270062,0,0,,,,
1136,5,5,0.5770662,0,0,,,,
1137,2,2,0.9949307,1,1,,,,
1138,5,5,0.9957456,1,1,,,,
1139,5,5,0.9846079,1,1,,,,
1140,5,5,0.9894465,1,1,,,,
1141,5,5,0.99730575,1,1,,,,
1142,4,4,0.9884576,1,1,,,,
1143,3,3,0.99866843,1,1,,,,
1144,2,2,0.9983992,1,1,,,,
1145,5,2,0.8050887,0,0,,,,
1146,5,5,0.9790339,1,1,,,,
1147,2,2,0.98776054,1,1,,,,
1148,5,5,0.9978974,1,1,,,,
1149,5,5,0.98574,1,1,,,,
1150,3,3,0.99892646,1,1,,,,
1151,5,5,0.9727005,1,1,,,,
1152,5,5,0.9971198,1,1,,,,
1153,4,4,0.99927753,1,1,,,,
1154,2,2,0.986608,1,1,,,,
1155,5,2,0.60443187,0,0,,,,
1156,5,2,0.7418651,0,0,,,,
1157,2,2,0.9738386,1,1,,,,
1158,3,3,0.9984565,1,1,,,,
1159,2,2,0.98810124,1,1,,,,
1160,5,5,0.81788164,0,0,,,,
1161,5,5,0.8083007,0,0,,,,
1162,2,5,0.710261,0,0,,,,
1163,5,5,0.59012735,0,0,,,,
1164,1,1,0.9818196,1,1,,,,
1165,5,5,0.89999706,1,1,,,,
1166,5,5,0.81713927,0,0,,,,
1167,5,5,0.99518484,1,1,,,,
1168,5,5,0.55252784,0,0,,,,
1169,5,5,0.98217565,1,1,,,,
1170,2,2,0.9983968,1,1,,,,
1171,0,1,0.4683993,0,0,,,,
1172,2,2,0.8719674,1,1,,,,
1173,5,5,0.7599635,0,0,,,,
1174,2,5,0.8861531,0,1,,,,
1175,2,2,0.9969181,1,1,,,,
1176,0,0,0.930629,1,1,,,,
1177,2,2,0.99716043,1,1,,,,
1178,2,2,0.9942211,1,1,,,,
1179,5,5,0.97484225,1,1,,,,
1180,5,5,0.90036297,1,1,,,,
1181,5,5,0.98624414,1,1,,,,
1182,2,2,0.99924517,1,1,,,,
1183,5,5,0.9638577,1,1,,,,
1184,5,5,0.9967686,1,1,,,,
1185,5,5,0.9964121,1,1,,,,
1186,2,2,0.9882697,1,1,,,,
1187,2,2,0.99830294,1,1,,,,
1188,5,5,0.9981944,1,1,,,,
1189,4,4,0.9994394,1,1,,,,
1190,5,5,0.9890982,1,1,,,,
1191,5,0,0.94634974,0,1,,,,
1192,5,2,0.54839355,0,0,,,,
1193,5,0,0.7580204,0,0,,,,
1194,5,5,0.89285153,1,1,,,,
1195,5,1,0.6340683,0,0,,,,
1196,5,5,0.8740925,1,1,,,,
1197,5,5,0.89359456,1,1,,,,
1198,5,5,0.9986473,1,1,,,,
1199,1,1,0.83089584,0,0,,,,
1200,5,5,0.7550765,0,0,,,,
1201,5,5,0.506114,0,0,,,,
1202,5,2,0.9492361,0,1,,,,
1203,5,5,0.9886264,1,1,,,,
1204,4,4,0.9709063,1,1,,,,
1205,2,2,0.9988493,1,1,,,,
1206,5,2,0.97572565,0,1,,,,
1207,5,0,0.8926924,0,1,,,,
1208,3,3,0.9981171,1,1,,,,
1209,4,4,0.99453545,1,1,,,,
1210,5,5,0.8342707,0,0,,,,
1211,4,4,0.9927901,1,1,,,,
1212,5,5,0.5085713,0,0,,,,
1213,3,3,0.99768734,1,1,,,,
1214,1,1,0.9974898,1,1,,,,
1215,2,2,0.99847335,1,1,,,,
1216,1,2,0.9914396,0,1,,,,
1217,5,5,0.99120903,1,1,,,,
1218,5,5,0.944618,1,1,,,,
1219,5,5,0.9841287,1,1,,,,
1220,1,1,0.9704535,1,1,,,,
1221,5,2,0.56175905,0,0,,,,
1222,5,1,0.47310683,0,0,,,,
1223,3,3,0.9985133,1,1,,,,
1224,5,0,0.9464415,0,1,,,,
1225,5,5,0.99141556,1,1,,,,
1226,2,5,0.5029907,0,0,,,,
1227,3,3,0.99898034,1,1,,,,
1228,5,5,0.91137695,1,1,,,,
1229,1,1,0.9895439,1,1,,,,
1230,2,2,0.99751437,1,1,,,,
1231,4,4,0.9991916,1,1,,,,
1232,2,2,0.9989016,1,1,,,,
1233,5,5,0.98475075,1,1,,,,
1234,5,5,0.99920696,1,1,,,,
1235,5,5,0.99526805,1,1,,,,
1236,2,2,0.5226285,0,0,,,,
1237,2,2,0.9816304,1,1,,,,
1238,5,5,0.9613091,1,1,,,,
1239,5,5,0.9974504,1,1,,,,
1240,2,2,0.99722916,1,1,,,,
1241,5,5,0.9969959,1,1,,,,
1242,1,1,0.99343276,1,1,,,,
1243,5,5,0.9869589,1,1,,,,
1244,5,5,0.9970482,1,1,,,,
1245,5,0,0.91926104,0,1,,,,
1246,5,5,0.77853876,0,0,,,,
1247,2,2,0.6640535,0,0,,,,
1248,2,2,0.98955905,1,1,,,,
1249,2,2,0.9968683,1,1,,,,
1250,5,5,0.88992333,1,1,,,,
1251,4,4,0.9989386,1,1,,,,
1252,2,2,0.90759695,1,1,,,,
1253,4,4,0.9995766,1,1,,,,
1254,2,2,0.5572672,0,0,,,,
1255,5,5,0.9912412,1,1,,,,
1256,5,5,0.7679177,0,0,,,,
1257,2,2,0.99847907,1,1,,,,
1258,5,5,0.63014907,0,0,,,,
1259,5,5,0.7914822,0,0,,,,
1260,2,2,0.7933514,0,0,,,,
1261,5,5,0.99650276,1,1,,,,
1262,2,2,0.8134118,0,0,,,,
1263,5,5,0.99602365,1,1,,,,
1264,5,5,0.8962732,1,1,,,,
1265,3,3,0.9988116,1,1,,,,
1266,1,1,0.9729804,1,1,,,,
1267,5,5,0.9928188,1,1,,,,
1268,2,2,0.9953054,1,1,,,,
1269,5,5,0.75454,0,0,,,,
1270,4,4,0.9985306,1,1,,,,
1271,1,1,0.9995437,1,1,,,,
1272,2,5,0.6446245,0,0,,,,
1273,5,5,0.93431574,1,1,,,,
1274,5,5,0.9899187,1,1,,,,
1275,0,2,0.7415626,0,0,,,,
1276,3,3,0.9972356,1,1,,,,
1277,5,5,0.9135495,1,1,,,,
1278,2,2,0.99865216,1,1,,,,
1279,5,5,0.99244046,1,1,,,,
1280,2,2,0.99712354,1,1,,,,
1281,5,2,0.5257823,0,0,,,,
1282,2,2,0.99486583,1,1,,,,
1283,5,2,0.7363426,0,0,,,,
1284,5,5,0.5390858,0,0,,,,
1285,0,0,0.55328745,0,0,,,,
1286,2,2,0.99356997,1,1,,,,
1287,5,5,0.996752,1,1,,,,
1288,5,5,0.75974834,0,0,,,,
1289,5,5,0.9322417,1,1,,,,
1290,5,5,0.9995983,1,1,,,,
1291,5,2,0.9658703,0,1,,,,
1292,2,2,0.9885705,1,1,,,,
1293,2,2,0.5132724,0,0,,,,
1294,5,0,0.601294,0,0,,,,
1295,2,5,0.714675,0,0,,,,
1296,5,5,0.99453545,1,1,,,,
1297,1,1,0.8153214,0,0,,,,
1298,5,5,0.92199296,1,1,,,,
1299,0,5,0.73080385,0,0,,,,
1300,4,4,0.9991887,1,1,,,,
1301,5,5,0.70086884,0,0,,,,
1302,5,5,0.9985045,1,1,,,,
1303,4,4,0.9915726,1,1,,,,
1304,0,0,0.93610185,1,1,,,,
1305,5,2,0.81976396,0,0,,,,
1306,5,5,0.92595595,1,1,,,,
1307,5,2,0.6759969,0,0,,,,
1308,5,5,0.63224185,0,0,,,,
1309,4,4,0.9994942,1,1,,,,
1310,2,2,0.99415296,1,1,,,,
1311,5,0,0.9610095,0,1,,,,
1312,2,2,0.9872622,1,1,,,,
1313,5,5,0.9987657,1,1,,,,
1314,5,5,0.9863862,1,1,,,,
1315,1,1,0.9988714,1,1,,,,
1316,2,0,0.9601543,0,1,,,,
1317,2,2,0.6913447,0,0,,,,
1318,5,5,0.9986136,1,1,,,,
1319,2,3,0.6376038,0,0,,,,
1320,4,4,0.9809203,1,1,,,,
1321,3,3,0.9988656,1,1,,,,
1322,2,2,0.988441,1,1,,,,
1323,5,5,0.9909053,1,1,,,,
1324,2,2,0.9644121,1,1,,,,
1325,3,3,0.9983687,1,1,,,,
1326,2,2,0.995998,1,1,,,,
1327,5,2,0.9000073,0,1,,,,
1328,2,2,0.983132,1,1,,,,
1329,5,1,0.8005158,0,0,,,,
1330,2,2,0.987048,1,1,,,,
1331,5,5,0.7576751,0,0,,,,
1332,2,2,0.99452704,1,1,,,,
1333,2,2,0.9981505,1,1,,,,
1334,4,4,0.9980502,1,1,,,,
1335,4,2,0.7141748,0,0,,,,
1336,2,2,0.6801382,0,0,,,,
1337,1,1,0.99782383,1,1,,,,
1338,2,0,0.38200283,0,0,,,,
1339,2,2,0.99332255,1,1,,,,
1340,2,2,0.9965268,1,1,,,,
1341,1,1,0.9929811,1,1,,,,
1342,2,2,0.98513097,1,1,,,,
1343,5,5,0.99871254,1,1,,,,
1344,5,5,0.99908924,1,1,,,,
1345,5,5,0.99862564,1,1,,,,
1346,2,2,0.83102036,0,0,,,,
1347,5,5,0.6756767,0,0,,,,
1348,2,2,0.9966667,1,1,,,,
1349,5,5,0.81365395,0,0,,,,
1350,2,2,0.9976405,1,1,,,,
1351,4,4,0.9962459,1,1,,,,
1352,5,5,0.9528783,1,1,,,,
1353,5,5,0.97214454,1,1,,,,
1354,5,5,0.9612747,1,1,,,,
1355,2,2,0.57106304,0,0,,,,
1356,2,2,0.9978671,1,1,,,,
1357,2,2,0.98564875,1,1,,,,
1358,1,5,0.966028,0,1,,,,
1359,5,5,0.93451464,1,1,,,,
1360,5,5,0.9969351,1,1,,,,
1361,2,2,0.78880644,0,0,,,,
1362,5,5,0.6943009,0,0,,,,
1363,2,5,0.56676817,0,0,,,,
1364,5,5,0.74930257,0,0,,,,
1365,0,0,0.7661001,0,0,,,,
1366,0,0,0.8651457,0,0,,,,
1367,3,3,0.9980008,1,1,,,,
1368,2,2,0.9916175,1,1,,,,
1369,2,2,0.9559604,1,1,,,,
1370,4,4,0.9996916,1,1,,,,
1371,5,5,0.6896662,0,0,,,,
1372,5,5,0.9406159,1,1,,,,
1373,5,5,0.9138143,1,1,,,,
1374,5,5,0.856842,0,0,,,,
1375,5,5,0.9875404,1,1,,,,
1376,2,2,0.9989588,1,1,,,,
1377,5,5,0.9579504,1,1,,,,
1378,5,5,0.841295,0,0,,,,
1379,4,4,0.99949586,1,1,,,,
1380,5,5,0.99331033,1,1,,,,
1381,5,5,0.9967438,1,1,,,,
1382,5,2,0.9654018,0,1,,,,
1383,4,4,0.99893004,1,1,,,,
1384,4,4,0.9993604,1,1,,,,
1385,5,5,0.8020163,0,0,,,,
1386,5,5,0.8039724,0,0,,,,
1387,5,5,0.9594571,1,1,,,,
1388,5,5,0.8184707,0,0,,,,
1389,0,5,0.6203891,0,0,,,,
1390,5,5,0.9983297,1,1,,,,
1391,4,4,0.9992329,1,1,,,,
1392,2,2,0.9153199,1,1,,,,
1393,5,5,0.9980223,1,1,,,,
1394,5,5,0.9943969,1,1,,,,
1395,5,5,0.9971259,1,1,,,,
1396,2,2,0.9943891,1,1,,,,
1397,5,5,0.7078367,0,0,,,,
1398,0,0,0.79519224,0,0,,,,
1399,5,5,0.996974,1,1,,,,
1400,0,0,0.7099312,0,0,,,,
1401,2,2,0.9984646,1,1,,,,
1402,5,5,0.9982749,1,1,,,,
1403,5,5,0.9908669,1,1,,,,
1404,4,4,0.9996507,1,1,,,,
1405,5,5,0.79111785,0,0,,,,
1406,5,5,0.99052155,1,1,,,,
1407,2,2,0.9953561,1,1,,,,
1408,3,3,0.998966,1,1,,,,
1409,5,5,0.79746073,0,0,,,,
1410,5,5,0.6349432,0,0,,,,
1411,5,2,0.7677695,0,0,,,,
1412,5,5,0.9955765,1,1,,,,
1413,5,5,0.9129016,1,1,,,,
1414,5,0,0.84538716,0,0,,,,
1415,5,5,0.99017894,1,1,,,,
1416,5,5,0.71338177,0,0,,,,
1417,5,2,0.5831754,0,0,,,,
1418,0,0,0.71229553,0,0,,,,
1419,2,2,0.86005247,0,0,,,,
1420,5,5,0.98674774,1,1,,,,
1421,5,5,0.9451017,1,1,,,,
1422,5,5,0.8816055,1,1,,,,
1423,2,2,0.99730444,1,1,,,,
1424,5,5,0.9841266,1,1,,,,
1425,1,1,0.9764879,1,1,,,,
1426,4,4,0.9988054,1,1,,,,
1427,5,5,0.7599889,0,0,,,,
1428,2,2,0.9942621,1,1,,,,
1429,5,5,0.9977227,1,1,,,,
1430,0,2,0.6603512,0,0,,,,
1431,1,1,0.9993185,1,1,,,,
1432,5,5,0.96662515,1,1,,,,
1433,5,5,0.996619,1,1,,,,
1434,2,2,0.9992772,1,1,,,,
1435,2,2,0.84761035,0,0,,,,
1436,2,2,0.99357635,1,1,,,,
1437,5,5,0.87874126,1,1,,,,
1438,2,5,0.5157631,0,0,,,,
1439,5,5,0.9992937,1,1,,,,
1440,2,2,0.9830253,1,1,,,,
1441,5,5,0.9926986,1,1,,,,
1442,5,5,0.56075114,0,0,,,,
1443,5,5,0.9630268,1,1,,,,
1444,5,5,0.99322647,1,1,,,,
1445,5,5,0.64132416,0,0,,,,
1446,4,4,0.99632204,1,1,,,,
1447,5,5,0.7667563,0,0,,,,
1448,5,5,0.6659049,0,0,,,,
1449,5,5,0.8043263,0,0,,,,
1450,4,4,0.998412,1,1,,,,
1451,2,2,0.94531816,1,1,,,,
1452,3,3,0.998516,1,1,,,,
1453,5,5,0.98582536,1,1,,,,
1454,5,5,0.9898279,1,1,,,,
1455,3,3,0.9992065,1,1,,,,
1456,2,2,0.96731097,1,1,,,,
1457,2,2,0.99764013,1,1,,,,
1458,2,2,0.5549737,0,0,,,,
1459,5,5,0.9986358,1,1,,,,
1460,5,5,0.5932638,0,0,,,,
1461,0,0,0.47631407,0,0,,,,
1462,5,5,0.63172215,0,0,,,,
1463,3,3,0.9987753,1,1,,,,
1464,2,5,0.5824835,0,0,,,,
1465,5,5,0.98168015,1,1,,,,
1466,5,2,0.60774237,0,0,,,,
1467,5,5,0.89397687,1,1,,,,
1468,5,5,0.997165,1,1,,,,
1469,2,2,0.9212656,1,1,,,,
1470,5,2,0.693412,0,0,,,,
1471,2,2,0.7976631,0,0,,,,
1472,5,5,0.994449,1,1,,,,
1473,5,5,0.9316716,1,1,,,,
1474,5,5,0.33512577,0,0,,,,
1475,5,5,0.9946379,1,1,,,,
1476,2,2,0.9923684,1,1,,,,
1477,2,2,0.9940963,1,1,,,,
1478,5,5,0.8048592,0,0,,,,
1479,5,5,0.8935262,1,1,,,,
1480,4,4,0.9995208,1,1,,,,
1481,5,5,0.96411693,1,1,,,,
1482,5,5,0.9438233,1,1,,,,
1483,5,5,0.9938637,1,1,,,,
1484,5,5,0.80102617,0,0,,,,
1485,2,2,0.9405972,1,1,,,,
1486,5,5,0.94813323,1,1,,,,
1487,5,5,0.9716499,1,1,,,,
1488,2,2,0.98699677,1,1,,,,
1489,4,4,0.9979242,1,1,,,,
1490,5,0,0.44620344,0,0,,,,
1491,5,2,0.8875372,0,1,,,,
1492,2,2,0.9966197,1,1,,,,
1493,5,2,0.8997651,0,1,,,,
1494,5,5,0.9995889,1,1,,,,
1495,5,5,0.9378535,1,1,,,,
1496,4,4,0.9965467,1,1,,,,
1497,5,5,0.80273,0,0,,,,
1498,5,5,0.94613594,1,1,,,,
1499,5,2,0.67179954,0,0,,,,
1500,5,5,0.9004141,1,1,,,,
1501,3,3,0.9983199,1,1,,,,
1502,5,2,0.75389326,0,0,,,,
1503,2,2,0.99686855,1,1,,,,
1504,2,2,0.74920714,0,0,,,,
1505,2,2,0.998607,1,1,,,,
1506,5,5,0.7082599,0,0,,,,
1507,2,0,0.3477144,0,0,,,,
1508,2,2,0.59697884,0,0,,,,
1509,2,5,0.80458933,0,0,,,,
1510,2,2,0.9973533,1,1,,,,
1511,5,5,0.98622453,1,1,,,,
1512,2,5,0.6330788,0,0,,,,
1513,5,5,0.9992404,1,1,,,,
1514,2,2,0.9950081,1,1,,,,
1515,1,1,0.99487394,1,1,,,,
1516,2,2,0.69347376,0,0,,,,
1517,0,0,0.95174605,1,1,,,,
1518,5,5,0.9784807,1,1,,,,
1519,5,5,0.9991497,1,1,,,,
1520,2,2,0.9963961,1,1,,,,
1521,1,1,0.5585133,0,0,,,,
1522,5,5,0.9995561,1,1,,,,
1523,2,2,0.92596066,1,1,,,,
1524,2,2,0.99725854,1,1,,,,
1525,5,2,0.9698467,0,1,,,,
1526,5,2,0.7710533,0,0,,,,
1527,5,2,0.63915735,0,0,,,,
1528,5,5,0.9605236,1,1,,,,
1529,5,5,0.994866,1,1,,,,
1530,5,5,0.99482155,1,1,,,,
1531,4,4,0.99971396,1,1,,,,
1532,5,5,0.9922902,1,1,,,,
1533,5,5,0.88838696,1,1,,,,
1534,5,2,0.65194166,0,0,,,,
1535,5,5,0.99332243,1,1,,,,
1536,2,2,0.99369496,1,1,,,,
1537,2,2,0.9989796,1,1,,,,
1538,3,3,0.99813724,1,1,,,,
1539,3,3,0.99912995,1,1,,,,
1540,5,5,0.65450144,0,0,,,,
1541,5,5,0.89285153,1,1,,,,
1542,2,2,0.9967014,1,1,,,,
1543,5,5,0.9954139,1,1,,,,
1544,5,2,0.54948986,0,0,,,,
1545,5,5,0.9866029,1,1,,,,
1546,4,4,0.9994523,1,1,,,,
1547,0,0,0.7962452,0,0,,,,
1548,5,5,0.97227514,1,1,,,,
1549,2,5,0.71957415,0,0,,,,
1550,2,2,0.994224,1,1,,,,
1551,5,5,0.9984744,1,1,,,,
1552,2,2,0.99927694,1,1,,,,
1553,5,5,0.999589,1,1,,,,
1554,5,2,0.94869363,0,1,,,,
1555,2,2,0.99920493,1,1,,,,
1556,2,2,0.99671954,1,1,,,,
1557,5,2,0.6137943,0,0,,,,
1558,5,5,0.98320943,1,1,,,,
1559,5,5,0.92176145,1,1,,,,
1560,1,1,0.9481382,1,1,,,,
1561,0,0,0.83185786,0,0,,,,
1562,5,5,0.59282076,0,0,,,,
1563,2,2,0.89981806,1,1,,,,
1564,4,4,0.99909437,1,1,,,,
1565,5,5,0.602972,0,0,,,,
1566,5,5,0.8801613,1,1,,,,
1567,1,1,0.9916481,1,1,,,,
1568,2,5,0.5747546,0,0,,,,
1569,4,4,0.99915755,1,1,,,,
1570,2,2,0.999485,1,1,,,,
1571,2,2,0.9977586,1,1,,,,
1572,5,5,0.89789927,1,1,,,,
1573,5,5,0.5039258,0,0,,,,
1574,2,2,0.89954317,1,1,,,,
1575,1,1,0.57108665,0,0,,,,
1576,5,2,0.5973194,0,0,,,,
1577,2,5,0.68066514,0,0,,,,
1578,5,5,0.9791805,1,1,,,,
1579,5,5,0.9983841,1,1,,,,
1580,2,2,0.82770467,0,0,,,,
1581,0,1,0.6607053,0,0,,,,
1582,2,2,0.99322915,1,1,,,,
1583,2,2,0.5411124,0,0,,,,
1584,5,2,0.966505,0,1,,,,
1585,5,5,0.65653867,0,0,,,,
1586,5,5,0.96027917,1,1,,,,
1587,5,5,0.89380705,1,1,,,,
1588,2,2,0.6273851,0,0,,,,
1589,5,5,0.9966157,1,1,,,,
1590,0,0,0.4670133,0,0,,,,
1591,2,5,0.71617883,0,0,,,,
1592,5,5,0.998209,1,1,,,,
1593,5,5,0.9972951,1,1,,,,
1594,2,2,0.82283044,0,0,,,,
1595,5,5,0.99727446,1,1,,,,
1596,5,5,0.59285873,0,0,,,,
1597,2,2,0.9915344,1,1,,,,
1598,2,2,0.9934128,1,1,,,,
1599,2,2,0.99862766,1,1,,,,
1600,5,5,0.9980977,1,1,,,,
1601,2,2,0.6055271,0,0,,,,
1602,5,5,0.9966744,1,1,,,,
1603,2,2,0.9996069,1,1,,,,
1604,2,5,0.8842536,0,1,,,,
1605,5,5,0.9981,1,1,,,,
1606,2,2,0.9960671,1,1,,,,
1607,5,5,0.6684516,0,0,,,,
1608,5,5,0.9980855,1,1,,,,
1609,5,5,0.865185,0,0,,,,
1610,5,2,0.5223485,0,0,,,,
1611,5,5,0.80283123,0,0,,,,
1612,5,5,0.9893868,1,1,,,,
1613,1,1,0.89078623,1,1,,,,
1614,2,2,0.93576914,1,1,,,,
1615,2,2,0.99566025,1,1,,,,
1616,2,2,0.9987135,1,1,,,,
1617,2,2,0.99873596,1,1,,,,
1618,3,3,0.9977143,1,1,,,,
1619,5,5,0.9782704,1,1,,,,
1620,2,5,0.7254016,0,0,,,,
1621,4,4,0.98319674,1,1,,,,
1622,2,2,0.99305385,1,1,,,,
1623,5,5,0.98960423,1,1,,,,
1624,1,1,0.9715071,1,1,,,,
1625,5,5,0.9099336,1,1,,,,
1626,2,2,0.9979043,1,1,,,,
1627,2,2,0.99108315,1,1,,,,
1628,2,2,0.99916077,1,1,,,,
1629,2,2,0.99812526,1,1,,,,
1630,2,2,0.9875043,1,1,,,,
1631,0,0,0.6802364,0,0,,,,
1632,5,5,0.99901485,1,1,,,,
1633,2,2,0.9995499,1,1,,,,
1634,4,4,0.9992342,1,1,,,,
1635,5,5,0.9898712,1,1,,,,
1636,2,2,0.99412715,1,1,,,,
1637,5,5,0.99921405,1,1,,,,
1638,5,5,0.99929094,1,1,,,,
1639,5,0,0.46714008,0,0,,,,
1640,5,5,0.9989612,1,1,,,,
1641,2,2,0.8020115,0,0,,,,
1642,2,2,0.9888031,1,1,,,,
1643,5,0,0.57283735,0,0,,,,
1644,2,2,0.9945938,1,1,,,,
1645,3,3,0.99877363,1,1,,,,
1646,5,5,0.9891088,1,1,,,,
1647,2,2,0.9608575,1,1,,,,
1648,2,2,0.994288,1,1,,,,
1649,4,4,0.9488906,1,1,,,,
1650,5,2,0.7556196,0,0,,,,
1651,5,5,0.9993598,1,1,,,,
1652,3,3,0.9600085,1,1,,,,
1653,0,0,0.6916423,0,0,,,,
1654,5,5,0.82921416,0,0,,,,
1655,1,1,0.9973169,1,1,,,,
1656,5,5,0.9979432,1,1,,,,
1657,5,5,0.6015999,0,0,,,,
1658,2,2,0.5078263,0,0,,,,
1659,2,2,0.9989969,1,1,,,,
1660,5,5,0.6581284,0,0,,,,
1661,2,2,0.99880123,1,1,,,,
1662,0,0,0.4683993,0,0,,,,
1663,1,1,0.81290126,0,0,,,,
1664,3,3,0.99379694,1,1,,,,
1665,3,3,0.9986871,1,1,,,,
1666,2,2,0.9968579,1,1,,,,
1667,5,5,0.8038876,0,0,,,,
1668,2,2,0.99076414,1,1,,,,
1669,5,5,0.9972434,1,1,,,,
1670,5,5,0.9855042,1,1,,,,
1671,2,0,0.60009223,0,0,,,,
1672,5,5,0.9957743,1,1,,,,
1673,2,2,0.93983066,1,1,,,,
1674,5,5,0.9896835,1,1,,,,
1675,2,2,0.9422927,1,1,,,,
1676,5,5,0.98991966,1,1,,,,
1677,2,2,0.99671435,1,1,,,,
1678,5,5,0.50278,0,0,,,,
1679,4,4,0.9989641,1,1,,,,
1680,5,5,0.9375934,1,1,,,,
1681,2,2,0.9950282,1,1,,,,
1682,5,5,0.9990984,1,1,,,,
1683,2,2,0.998588,1,1,,,,
1684,5,5,0.98929477,1,1,,,,
1685,5,5,0.9621848,1,1,,,,
1686,5,5,0.83042073,0,0,,,,
1687,2,2,0.9921745,1,1,,,,
1688,4,4,0.9942748,1,1,,,,
1689,5,2,0.7464164,0,0,,,,
1690,2,2,0.9969939,1,1,,,,
1691,2,2,0.98567164,1,1,,,,
1692,2,2,0.99645597,1,1,,,,
1693,2,2,0.9912445,1,1,,,,
1694,0,0,0.8038924,0,0,,,,
1695,2,2,0.9963731,1,1,,,,
1696,2,2,0.99804485,1,1,,,,
1697,3,3,0.99752516,1,1,,,,
1698,4,4,0.9990631,1,1,,,,
1699,5,5,0.9344269,1,1,,,,
1700,5,5,0.99502146,1,1,,,,
1701,2,5,0.6885905,0,0,,,,
1702,5,5,0.91389704,1,1,,,,
1703,5,5,0.99624676,1,1,,,,
1704,1,1,0.99849,1,1,,,,
1705,1,1,0.99857414,1,1,,,,
1706,2,5,0.9076859,0,1,,,,
1707,2,2,0.9934369,1,1,,,,
1708,2,2,0.99858344,1,1,,,,
1709,5,5,0.8280068,0,0,,,,
1710,2,2,0.9984713,1,1,,,,
1711,5,5,0.6958736,0,0,,,,
1712,5,5,0.9897451,1,1,,,,
1713,5,2,0.9198383,0,1,,,,
1714,3,3,0.99878806,1,1,,,,
1715,2,2,0.79895675,0,0,,,,
1716,5,5,0.7446018,0,0,,,,
1717,4,4,0.999597,1,1,,,,
1718,5,5,0.985136,1,1,,,,
1719,5,5,0.9974485,1,1,,,,
1720,4,4,0.98470426,1,1,,,,
1721,5,1,0.57875985,0,0,,,,
1722,2,2,0.99703,1,1,,,,
1723,0,5,0.4927377,0,0,,,,
1724,5,5,0.84289753,0,0,,,,
1725,5,5,0.7183098,0,0,,,,
1726,2,2,0.98508656,1,1,,,,
1727,5,5,0.78742164,0,0,,,,
1728,2,2,0.9947856,1,1,,,,
1729,2,2,0.99888724,1,1,,,,
1730,5,5,0.9975458,1,1,,,,
1731,4,4,0.9997043,1,1,,,,
1732,2,2,0.9859343,1,1,,,,
1733,0,1,0.8671613,0,0,,,,
1734,5,2,0.60372967,0,0,,,,
1735,3,3,0.9981376,1,1,,,,
1736,2,2,0.995832,1,1,,,,
1737,0,0,0.83903533,0,0,,,,
1738,5,5,0.9492408,1,1,,,,
1739,5,5,0.81692284,0,0,,,,
1740,2,2,0.88695306,1,1,,,,
1741,2,2,0.9988417,1,1,,,,
1742,5,5,0.6868081,0,0,,,,
1743,5,5,0.8889438,1,1,,,,
1744,5,5,0.97882974,1,1,,,,
1745,5,2,0.9320893,0,1,,,,
1746,5,5,0.7104909,0,0,,,,
1747,2,5,0.70137084,0,0,,,,
1748,5,5,0.9988526,1,1,,,,
1749,2,2,0.99153614,1,1,,,,
1750,2,2,0.99805427,1,1,,,,
1751,1,1,0.9979107,1,1,,,,
1752,5,5,0.98761344,1,1,,,,
1753,5,5,0.9938618,1,1,,,,
1754,2,2,0.99170446,1,1,,,,
1755,5,5,0.520258,0,0,,,,
1756,2,2,0.9969766,1,1,,,,
1757,5,5,0.6817909,0,0,,,,
1758,5,5,0.9172454,1,1,,,,
1759,3,3,0.9982035,1,1,,,,
1760,5,5,0.9975574,1,1,,,,
1761,5,2,0.6970005,0,0,,,,
1762,5,5,0.99247414,1,1,,,,
1763,1,1,0.9991254,1,1,,,,
1764,2,2,0.99679357,1,1,,,,
1765,4,4,0.99806315,1,1,,,,
1766,5,5,0.99345917,1,1,,,,
1767,2,2,0.99835473,1,1,,,,
1768,4,4,0.9994673,1,1,,,,
1769,2,2,0.9905434,1,1,,,,
1770,5,5,0.9989563,1,1,,,,
1771,0,0,0.81052804,0,0,,,,
1772,2,2,0.99680835,1,1,,,,
1773,5,5,0.9979316,1,1,,,,
1774,4,4,0.99940705,1,1,,,,
1775,5,0,0.9452518,0,1,,,,
1776,5,5,0.7230817,0,0,,,,
1777,2,2,0.9980794,1,1,,,,
1778,1,1,0.9617667,1,1,,,,
1779,5,5,0.5162024,0,0,,,,
1780,5,5,0.83984596,0,0,,,,
1781,2,2,0.98528844,1,1,,,,
1782,5,5,0.76783353,0,0,,,,
1783,5,5,0.98628044,1,1,,,,
1784,2,2,0.99873,1,1,,,,
1785,0,0,0.8134411,0,0,,,,
1786,2,2,0.9955948,1,1,,,,
1787,5,5,0.99855477,1,1,,,,
1788,2,2,0.9412561,1,1,,,,
1789,5,2,0.7806314,0,0,,,,
1790,5,5,0.996209,1,1,,,,
1791,1,1,0.9949242,1,1,,,,
1792,2,2,0.99448204,1,1,,,,
1793,2,2,0.99869066,1,1,,,,
1794,5,5,0.74353313,0,0,,,,
1795,1,1,0.9816901,1,1,,,,
1796,2,2,0.9935735,1,1,,,,
1797,5,5,0.94950503,1,1,,,,
1798,5,5,0.9964426,1,1,,,,
1799,5,5,0.873196,1,1,,,,
1800,2,2,0.70743555,0,0,,,,
1801,1,1,0.3993288,0,0,,,,
1802,2,2,0.9949344,1,1,,,,
1803,2,5,0.9113371,0,1,,,,
1804,2,2,0.60090667,0,0,,,,
1805,5,2,0.6018094,0,0,,,,
1806,2,2,0.9622837,1,1,,,,
1807,2,2,0.9985014,1,1,,,,
1808,5,5,0.8808553,1,1,,,,
1809,5,5,0.9954656,1,1,,,,
1810,5,5,0.8081274,0,0,,,,
1811,5,5,0.9997634,1,1,,,,
1812,5,2,0.8429287,0,0,,,,
1813,2,2,0.9985002,1,1,,,,
1814,2,2,0.9987582,1,1,,,,
1815,2,5,0.53767306,0,0,,,,
1816,5,5,0.56327003,0,0,,,,
1817,2,2,0.99794036,1,1,,,,
1818,5,5,0.7346973,0,0,,,,
1819,5,5,0.5034237,0,0,,,,
1820,5,5,0.9952005,1,1,,,,
1821,2,2,0.99856144,1,1,,,,
1822,2,2,0.9983468,1,1,,,,
1823,1,5,0.56036425,0,0,,,,
1824,2,2,0.9720535,1,1,,,,
1825,0,0,0.9790558,1,1,,,,
1826,4,4,0.9986564,1,1,,,,
1827,1,1,0.9956968,1,1,,,,
1828,1,1,0.99806243,1,1,,,,
1829,2,5,0.7263839,0,0,,,,
1830,5,5,0.5186146,0,0,,,,
1831,2,2,0.6966828,0,0,,,,
1832,2,2,0.8784122,1,1,,,,
1833,5,5,0.98758614,1,1,,,,
1834,2,2,0.9431026,1,1,,,,
1835,2,2,0.9938617,1,1,,,,
1836,2,2,0.99820805,1,1,,,,
1837,2,2,0.9795297,1,1,,,,
1838,5,5,0.7289938,0,0,,,,
1839,2,5,0.5880467,0,0,,,,
1840,2,2,0.99757993,1,1,,,,
1841,5,5,0.9979728,1,1,,,,
1842,0,0,0.89114803,1,1,,,,
1843,2,2,0.99667054,1,1,,,,
1844,1,1,0.99242556,1,1,,,,
1845,2,5,0.64174706,0,0,,,,
1846,3,3,0.9984212,1,1,,,,
1847,5,5,0.7511947,0,0,,,,
1848,3,3,0.99870455,1,1,,,,
1849,4,4,0.98981863,1,1,,,,
1850,5,5,0.9706769,1,1,,,,
1851,4,4,0.99861383,1,1,,,,
1852,2,2,0.6179234,0,0,,,,
1853,2,2,0.99224865,1,1,,,,
1854,5,5,0.8567923,0,0,,,,
1855,5,5,0.9696685,1,1,,,,
1856,5,5,0.99753225,1,1,,,,
1857,5,5,0.99865913,1,1,,,,
1858,5,5,0.9638772,1,1,,,,
1859,3,3,0.9987023,1,1,,,,
1860,1,1,0.9845916,1,1,,,,
1861,4,4,0.9995678,1,1,,,,
1862,5,5,0.6350935,0,0,,,,
1863,1,1,0.9976043,1,1,,,,
1864,5,5,0.9933467,1,1,,,,
1865,5,5,0.9760065,1,1,,,,
1866,5,1,0.7326482,0,0,,,,
1867,0,0,0.8179901,0,0,,,,
1868,5,5,0.9937935,1,1,,,,
1869,3,3,0.99850357,1,1,,,,
1870,2,2,0.9785957,1,1,,,,
1871,5,5,0.89888877,1,1,,,,
1872,5,2,0.6509488,0,0,,,,
1873,5,2,0.5299438,0,0,,,,
1874,5,5,0.995174,1,1,,,,
1875,5,5,0.36841956,0,0,,,,
1876,5,5,0.9767383,1,1,,,,
1877,2,2,0.5309771,0,0,,,,
1878,5,5,0.81893504,0,0,,,,
1879,5,5,0.8528111,0,0,,,,
1880,5,5,0.9847068,1,1,,,,
1881,5,5,0.99621755,1,1,,,,
1882,5,5,0.91908294,1,1,,,,
1883,5,5,0.98244345,1,1,,,,
1884,5,5,0.9970958,1,1,,,,
1885,5,5,0.9970945,1,1,,,,
1886,2,5,0.99715614,0,1,,,,
1887,4,4,0.9828128,1,1,,,,
1888,5,5,0.9972819,1,1,,,,
1889,4,4,0.99712867,1,1,,,,
1890,5,5,0.8613948,0,0,,,,
1891,5,5,0.9560614,1,1,,,,
1892,2,2,0.99712163,1,1,,,,
1893,5,5,0.5872879,0,0,,,,
1894,2,5,0.48480147,0,0,,,,
1895,5,2,0.371092,0,0,,,,
1896,2,2,0.89620656,1,1,,,,
1897,0,1,0.9615955,0,1,,,,
1898,5,0,0.5304758,0,0,,,,
1899,5,5,0.46015579,0,0,,,,
1900,5,5,0.99947566,1,1,,,,
1901,2,2,0.9987814,1,1,,,,
1902,2,2,0.99420494,1,1,,,,
1903,2,2,0.9903656,1,1,,,,
1904,5,5,0.997809,1,1,,,,
1905,5,5,0.9815169,1,1,,,,
1906,5,5,0.98767984,1,1,,,,
1907,5,2,0.64571625,0,0,,,,
1908,4,4,0.9922903,1,1,,,,
1909,4,4,0.99964,1,1,,,,
1910,1,5,0.29719386,0,0,,,,
1911,5,5,0.99670935,1,1,,,,
1912,5,5,0.9988695,1,1,,,,
1913,5,2,0.9056211,0,1,,,,
1914,2,2,0.9567968,1,1,,,,
1915,5,5,0.9268796,1,1,,,,
1916,5,2,0.8931044,0,1,,,,
1917,2,2,0.9614227,1,1,,,,
1918,3,3,0.9988722,1,1,,,,
1919,5,2,0.7054328,0,0,,,,
1920,4,4,0.9993198,1,1,,,,
1921,4,4,0.99524873,1,1,,,,
1922,5,5,0.542467,0,0,,,,
1923,5,2,0.6084406,0,0,,,,
1924,3,3,0.99894005,1,1,,,,
1925,5,5,0.9984787,1,1,,,,
1926,3,3,0.99886644,1,1,,,,
1927,1,1,0.9964675,1,1,,,,
1928,5,5,0.9985258,1,1,,,,
1929,3,3,0.9980684,1,1,,,,
1930,5,5,0.9965491,1,1,,,,
1931,5,5,0.5444091,0,0,,,,
1932,2,2,0.9945926,1,1,,,,
1933,2,2,0.999212,1,1,,,,
1934,5,5,0.64097977,0,0,,,,
1935,4,4,0.99579394,1,1,,,,
1936,2,2,0.87571883,1,1,,,,
1937,2,2,0.98656636,1,1,,,,
1938,2,2,0.9970885,1,1,,,,
1939,2,2,0.9992192,1,1,,,,
1940,2,2,0.9947514,1,1,,,,
1941,5,5,0.93399334,1,1,,,,
1942,5,5,0.9988462,1,1,,,,
1943,5,5,0.8183287,0,0,,,,
1944,5,5,0.97909355,1,1,,,,
1945,2,2,0.96290314,1,1,,,,
1946,2,5,0.61215305,0,0,,,,
1947,5,5,0.9705437,1,1,,,,
1948,5,5,0.6990564,0,0,,,,
1949,5,5,0.9931467,1,1,,,,
1950,2,5,0.75955015,0,0,,,,
1951,5,2,0.5930361,0,0,,,,
1952,2,2,0.9957008,1,1,,,,
1953,2,2,0.9911562,1,1,,,,
1954,5,5,0.89784557,1,1,,,,
1955,5,5,0.9921991,1,1,,,,
1956,3,3,0.9946418,1,1,,,,
1957,2,2,0.92866945,1,1,,,,
1958,2,2,0.99213725,1,1,,,,
1959,5,2,0.8270062,0,0,,,,
1960,2,5,0.6964353,0,0,,,,
1961,5,5,0.91992736,1,1,,,,
1962,5,5,0.9750669,1,1,,,,
1963,1,0,0.96206594,0,1,,,,
1964,4,4,0.99921346,1,1,,,,
1965,2,5,0.5715328,0,0,,,,
1966,5,5,0.5408727,0,0,,,,
1967,2,2,0.99677676,1,1,,,,
1968,1,1,0.97715193,1,1,,,,
1969,2,2,0.87944156,1,1,,,,
1970,5,5,0.9816613,1,1,,,,
1971,4,4,0.9983677,1,1,,,,
1972,4,4,0.99925464,1,1,,,,
1973,2,2,0.99929345,1,1,,,,
1974,5,5,0.9929664,1,1,,,,
1975,2,2,0.99482924,1,1,,,,
1976,2,2,0.994638,1,1,,,,
1977,2,2,0.9218918,1,1,,,,
1978,5,5,0.99440044,1,1,,,,
1979,4,4,0.9993456,1,1,,,,
1980,1,1,0.93700325,1,1,,,,
1981,2,2,0.9980938,1,1,,,,
1982,5,5,0.948969,1,1,,,,
1983,5,5,0.9975293,1,1,,,,
1984,5,2,0.76054823,0,0,,,,
1985,2,2,0.9580519,1,1,,,,
1986,5,5,0.92348665,1,1,,,,
1987,3,3,0.9985952,1,1,,,,
1988,2,2,0.9984363,1,1,,,,
1989,2,2,0.99879885,1,1,,,,
1990,5,2,0.94395286,0,1,,,,
1991,2,2,0.9960329,1,1,,,,
1992,5,5,0.99846125,1,1,,,,
1993,2,2,0.9953614,1,1,,,,
1994,5,2,0.9334691,0,1,,,,
1995,1,1,0.9978131,1,1,,,,
1996,5,5,0.9941999,1,1,,,,
1997,5,5,0.99493355,1,1,,,,
1998,5,5,0.9322835,1,1,,,,
1999,5,5,0.9918875,1,1,,,,
2000,2,2,0.99915147,1,1,,,,
2001,5,5,0.98620355,1,1,,,,
2002,4,4,0.999401,1,1,,,,
2003,4,4,0.9994591,1,1,,,,
2004,1,1,0.50915354,0,0,,,,
2005,4,4,0.983537,1,1,,,,
2006,2,2,0.92137176,1,1,,,,
2007,5,5,0.88681346,1,1,,,,
2008,5,0,0.92172307,0,1,,,,
2009,0,0,0.93586,1,1,,,,
2010,2,2,0.99602216,1,1,,,,
2011,2,2,0.9551558,1,1,,,,
2012,3,3,0.9987079,1,1,,,,
2013,5,5,0.8311047,0,0,,,,
2014,5,2,0.723189,0,0,,,,
2015,5,5,0.9753762,1,1,,,,
2016,5,5,0.9964013,1,1,,,,
2017,5,5,0.9699799,1,1,,,,
2018,2,2,0.9687334,1,1,,,,
2019,4,4,0.99958295,1,1,,,,
2020,3,3,0.9985335,1,1,,,,
2021,0,1,0.5683395,0,0,,,,
2022,4,4,0.9996772,1,1,,,,
2023,2,2,0.99766505,1,1,,,,
2024,2,2,0.91770416,1,1,,,,
2025,1,1,0.98740524,1,1,,,,
2026,1,1,0.9394892,1,1,,,,
2027,2,2,0.99608576,1,1,,,,
2028,2,2,0.5366765,0,0,,,,
2029,5,5,0.94988984,1,1,,,,
2030,5,4,0.577941,0,0,,,,
2031,2,2,0.97833496,1,1,,,,
2032,5,5,0.9955616,1,1,,,,
2033,4,4,0.9946885,1,1,,,,
2034,2,2,0.9958587,1,1,,,,
2035,2,2,0.99332434,1,1,,,,
2036,5,5,0.938648,1,1,,,,
2037,5,5,0.9963631,1,1,,,,
2038,5,5,0.9226527,1,1,,,,
2039,5,5,0.94010997,1,1,,,,
2040,4,4,0.9773297,1,1,,,,
2041,5,5,0.99941444,1,1,,,,
2042,5,5,0.77118427,0,0,,,,
2043,2,2,0.9876308,1,1,,,,
2044,1,1,0.9982029,1,1,,,,
2045,4,4,0.99965096,1,1,,,,
2046,4,4,0.99961334,1,1,,,,
2047,1,1,0.9989467,1,1,,,,
2048,2,2,0.9955505,1,1,,,,
2049,4,4,0.9962936,1,1,,,,
2050,4,4,0.99969625,1,1,,,,
2051,2,2,0.99483585,1,1,,,,
2052,5,1,0.5461314,0,0,,,,
2053,1,4,0.55736655,0,0,,,,
2054,1,1,0.9973672,1,1,,,,
2055,0,0,0.64722663,0,0,,,,
2056,5,5,0.618954,0,0,,,,
2057,5,5,0.9209565,1,1,,,,
2058,2,2,0.9926583,1,1,,,,
2059,4,4,0.99927527,1,1,,,,
2060,2,2,0.9976216,1,1,,,,
2061,2,2,0.99544513,1,1,,,,
2062,2,5,0.6951471,0,0,,,,
2063,2,5,0.55572486,0,0,,,,
2064,4,4,0.99868566,1,1,,,,
2065,5,5,0.97136295,1,1,,,,
2066,2,2,0.89201623,1,1,,,,
2067,0,0,0.6753566,0,0,,,,
2068,5,5,0.9977852,1,1,,,,
2069,2,2,0.8847701,1,1,,,,
2070,4,4,0.9753768,1,1,,,,
2071,2,2,0.9971059,1,1,,,,
2072,5,2,0.6349873,0,0,,,,
2073,2,2,0.99352103,1,1,,,,
2074,2,2,0.9983512,1,1,,,,
2075,1,1,0.9989759,1,1,,,,
2076,3,3,0.9983411,1,1,,,,
2077,2,2,0.9921996,1,1,,,,
2078,5,5,0.85234994,0,0,,,,
2079,5,0,0.60028917,0,0,,,,
2080,2,2,0.9948597,1,1,,,,
2081,5,2,0.8655811,0,0,,,,
2082,1,1,0.9917508,1,1,,,,
2083,5,5,0.58909196,0,0,,,,
2084,1,1,0.9244609,1,1,,,,
2085,1,1,0.98998916,1,1,,,,
2086,5,0,0.4557529,0,0,,,,
2087,5,5,0.5053292,0,0,,,,
2088,5,5,0.8983685,1,1,,,,
2089,5,2,0.8237541,0,0,,,,
2090,1,1,0.9914484,1,1,,,,
2091,3,3,0.99754375,1,1,,,,
2092,2,2,0.9700715,1,1,,,,
2093,2,5,0.5463265,0,0,,,,
2094,2,2,0.99380267,1,1,,,,
2095,1,1,0.9417496,1,1,,,,
2096,5,5,0.9626648,1,1,,,,
2097,5,5,0.9932266,1,1,,,,
2098,2,2,0.99493223,1,1,,,,
2099,4,4,0.9967258,1,1,,,,
2100,2,2,0.9965791,1,1,,,,
2101,3,3,0.99840987,1,1,,,,
2102,5,5,0.99642533,1,1,,,,
2103,5,5,0.98240906,1,1,,,,
2104,4,4,0.99949574,1,1,,,,
2105,2,2,0.9833493,1,1,,,,
2106,0,0,0.40568542,0,0,,,,
2107,0,0,0.6874598,0,0,,,,
2108,5,5,0.95488507,1,1,,,,
2109,5,5,0.9967546,1,1,,,,
2110,2,1,0.735031,0,0,,,,
2111,5,2,0.7743193,0,0,,,,
2112,5,5,0.97092676,1,1,,,,
2113,5,5,0.9944988,1,1,,,,
2114,2,2,0.8707761,1,1,,,,
2115,1,1,0.9071553,1,1,,,,
2116,5,5,0.99167365,1,1,,,,
2117,2,2,0.9287575,1,1,,,,
2118,2,2,0.9489321,1,1,,,,
2119,2,2,0.99355835,1,1,,,,
2120,2,2,0.6608437,0,0,,,,
2121,5,5,0.999188,1,1,,,,
2122,5,5,0.9979075,1,1,,,,
2123,5,5,0.7326147,0,0,,,,
2124,2,2,0.997934,1,1,,,,
2125,5,5,0.9984126,1,1,,,,
2126,2,2,0.9951997,1,1,,,,
2127,5,5,0.70863044,0,0,,,,
2128,2,2,0.9195427,1,1,,,,
2129,5,5,0.998889,1,1,,,,
2130,5,2,0.9107969,0,1,,,,
2131,2,5,0.8554427,0,0,,,,
2132,5,5,0.98030764,1,1,,,,
2133,5,5,0.9877444,1,1,,,,
2134,5,5,0.96258193,1,1,,,,
2135,5,2,0.81319016,0,0,,,,
2136,2,2,0.9989079,1,1,,,,
2137,5,5,0.9858942,1,1,,,,
2138,2,2,0.9958407,1,1,,,,
2139,2,2,0.9924642,1,1,,,,
2140,2,5,0.62155026,0,0,,,,
2141,4,4,0.96140194,1,1,,,,
2142,4,4,0.99950147,1,1,,,,
2143,5,2,0.870557,0,1,,,,
2144,2,2,0.9928792,1,1,,,,
2145,5,5,0.93403924,1,1,,,,
2146,2,2,0.998125,1,1,,,,
2147,5,2,0.62559813,0,0,,,,
2148,5,5,0.997673,1,1,,,,
2149,4,4,0.9969958,1,1,,,,
2150,5,2,0.91486275,0,1,,,,
2151,5,5,0.96278125,1,1,,,,
2152,2,2,0.9986112,1,1,,,,
2153,0,0,0.9887709,1,1,,,,
2154,5,5,0.99713314,1,1,,,,
2155,5,5,0.9848969,1,1,,,,
2156,1,1,0.9989365,1,1,,,,
2157,4,4,0.9967264,1,1,,,,
2158,5,5,0.9997491,1,1,,,,
2159,4,4,0.9541055,1,1,,,,
2160,5,5,0.9882768,1,1,,,,
2161,5,5,0.98397464,1,1,,,,
2162,2,0,0.4890269,0,0,,,,
2163,5,5,0.9941638,1,1,,,,
2164,3,3,0.99850464,1,1,,,,
2165,3,3,0.9982729,1,1,,,,
2166,5,5,0.99035347,1,1,,,,
2167,1,1,0.9575404,1,1,,,,
2168,5,5,0.6810092,0,0,,,,
2169,5,5,0.5760131,0,0,,,,
2170,2,2,0.9931369,1,1,,,,
2171,5,5,0.99346185,1,1,,,,
2172,2,2,0.98895895,1,1,,,,
2173,2,5,0.5809901,0,0,,,,
2174,2,5,0.5009106,0,0,,,,
2175,5,2,0.94338197,0,1,,,,
2176,2,2,0.99507505,1,1,,,,
2177,1,1,0.97389257,1,1,,,,
2178,5,2,0.6680323,0,0,,,,
2179,1,1,0.99597377,1,1,,,,
2180,5,5,0.7520509,0,0,,,,
2181,1,1,0.995675,1,1,,,,
2182,4,4,0.9996006,1,1,,,,
2183,2,2,0.9988286,1,1,,,,
2184,5,5,0.9986487,1,1,,,,
2185,2,2,0.9971505,1,1,,,,
2186,4,4,0.9979955,1,1,,,,
2187,4,4,0.99131596,1,1,,,,
2188,5,2,0.6308019,0,0,,,,
2189,5,5,0.8866607,1,1,,,,
2190,2,2,0.9995041,1,1,,,,
2191,0,0,0.8258175,0,0,,,,
2192,5,5,0.9988487,1,1,,,,
2193,5,0,0.7088079,0,0,,,,
2194,2,2,0.9956291,1,1,,,,
2195,5,5,0.99832386,1,1,,,,
2196,4,4,0.99911755,1,1,,,,
2197,3,3,0.9978242,1,1,,,,
2198,2,2,0.99393374,1,1,,,,
2199,5,5,0.8446962,0,0,,,,
2200,1,1,0.9925081,1,1,,,,
2201,5,5,0.75913113,0,0,,,,
2202,2,2,0.6372084,0,0,,,,
2203,1,1,0.99011266,1,1,,,,
2204,5,5,0.99445254,1,1,,,,
2205,2,2,0.9783035,1,1,,,,
2206,0,5,0.7774527,0,0,,,,
2207,5,5,0.9125544,1,1,,,,
2208,2,2,0.6697388,0,0,,,,
2209,5,5,0.99127406,1,1,,,,
2210,5,5,0.98610723,1,1,,,,
2211,5,2,0.93550354,0,1,,,,
2212,2,2,0.9949634,1,1,,,,
2213,2,2,0.99877495,1,1,,,,
2214,5,5,0.99361354,1,1,,,,
2215,0,0,0.8504116,0,0,,,,
2216,5,1,0.5549564,0,0,,,,
2217,5,5,0.7837151,0,0,,,,
2218,4,4,0.9997967,1,1,,,,
2219,2,2,0.98727834,1,1,,,,
2220,5,5,0.9736573,1,1,,,,
2221,5,5,0.9496228,1,1,,,,
2222,5,2,0.5583288,0,0,,,,
2223,1,1,0.99945384,1,1,,,,
2224,5,5,0.87744296,1,1,,,,
2225,5,5,0.9986443,1,1,,,,
2226,5,0,0.87526363,0,1,,,,
2227,1,1,0.9963104,1,1,,,,
2228,5,2,0.4857154,0,0,,,,
2229,5,5,0.9813627,1,1,,,,
2230,2,2,0.93201715,1,1,,,,
2231,5,5,0.9685912,1,1,,,,
2232,4,4,0.99921644,1,1,,,,
2233,5,5,0.98274106,1,1,,,,
2234,5,5,0.9336257,1,1,,,,
2235,2,2,0.98738396,1,1,,,,
2236,1,1,0.96501553,1,1,,,,
2237,5,5,0.9905854,1,1,,,,
2238,0,0,0.93725663,1,1,,,,
2239,2,2,0.99237907,1,1,,,,
2240,5,5,0.955093,1,1,,,,
2241,5,5,0.9949521,1,1,,,,
2242,2,2,0.65754694,0,0,,,,
2243,5,5,0.58752346,0,0,,,,
2244,5,1,0.7647758,0,0,,,,
2245,5,2,0.6361256,0,0,,,,
2246,5,5,0.96169734,1,1,,,,
2247,5,5,0.88498384,1,1,,,,
2248,2,5,0.7729396,0,0,,,,
2249,5,5,0.86178327,0,0,,,,
2250,5,5,0.5842315,0,0,,,,
2251,1,1,0.99855083,1,1,,,,
2252,5,5,0.99715024,1,1,,,,
2253,5,5,0.99359256,1,1,,,,
2254,1,1,0.99538535,1,1,,,,
2255,4,4,0.99869967,1,1,,,,
2256,5,5,0.9800009,1,1,,,,
2257,5,5,0.9965389,1,1,,,,
2258,1,1,0.9143416,1,1,,,,
2259,5,5,0.99265337,1,1,,,,
2260,5,5,0.9548007,1,1,,,,
2261,5,5,0.8159227,0,0,,,,
2262,3,3,0.9983847,1,1,,,,
2263,4,4,0.9995024,1,1,,,,
2264,5,2,0.6609986,0,0,,,,
2265,5,5,0.9931229,1,1,,,,
2266,5,5,0.9837234,1,1,,,,
2267,1,1,0.9994518,1,1,,,,
2268,5,2,0.6361489,0,0,,,,
2269,2,2,0.90179694,1,1,,,,
2270,2,5,0.5325346,0,0,,,,
2271,5,5,0.9943441,1,1,,,,
2272,2,2,0.9977138,1,1,,,,
2273,1,1,0.9977108,1,1,,,,
2274,4,4,0.9982199,1,1,,,,
2275,5,5,0.66684693,0,0,,,,
2276,4,4,0.99738044,1,1,,,,
2277,2,2,0.99852544,1,1,,,,
2278,5,5,0.98758125,1,1,,,,
2279,0,0,0.6021663,0,0,,,,
2280,3,3,0.9982718,1,1,,,,
2281,2,5,0.5242667,0,0,,,,
2282,5,5,0.9893829,1,1,,,,
2283,5,5,0.9945268,1,1,,,,
2284,4,4,0.991398,1,1,,,,
2285,1,5,0.8832807,0,1,,,,
2286,5,5,0.9819532,1,1,,,,
2287,2,2,0.9701035,1,1,,,,
2288,5,5,0.6466211,0,0,,,,
2289,5,5,0.88513476,1,1,,,,
2290,2,2,0.9921669,1,1,,,,
2291,5,5,0.9562371,1,1,,,,
2292,4,4,0.99953794,1,1,,,,
2293,0,0,0.7854242,0,0,,,,
2294,3,3,0.99873656,1,1,,,,
2295,2,2,0.93223745,1,1,,,,
2296,5,2,0.55816025,0,0,,,,
2297,5,2,0.7313835,0,0,,,,
2298,2,2,0.993324,1,1,,,,
2299,1,1,0.93993354,1,1,,,,
2300,5,2,0.5162494,0,0,,,,
2301,5,1,0.54724133,0,0,,,,
2302,2,2,0.64415663,0,0,,,,
2303,2,2,0.9947115,1,1,,,,
2304,2,5,0.5671202,0,0,,,,
2305,4,4,0.9930937,1,1,,,,
2306,2,2,0.9975095,1,1,,,,
2307,5,5,0.9934736,1,1,,,,
2308,3,3,0.9986284,1,1,,,,
2309,4,4,0.99965906,1,1,,,,
2310,5,5,0.9843269,1,1,,,,
2311,3,3,0.9984756,1,1,,,,
2312,5,5,0.99765766,1,1,,,,
2313,2,2,0.9600753,1,1,,,,
2314,1,0,0.9791772,0,1,,,,
2315,1,1,0.99776673,1,1,,,,
2316,5,5,0.9630444,1,1,,,,
2317,2,2,0.5965578,0,0,,,,
2318,2,2,0.9980209,1,1,,,,
2319,5,5,0.9844156,1,1,,,,
2320,2,2,0.99910223,1,1,,,,
2321,2,2,0.71445566,0,0,,,,
2322,2,2,0.9986583,1,1,,,,
2323,2,2,0.99798465,1,1,,,,
2324,4,4,0.99956316,1,1,,,,
2325,2,2,0.9932463,1,1,,,,
2326,2,5,0.6122919,0,0,,,,
2327,3,3,0.9987249,1,1,,,,
2328,5,5,0.997241,1,1,,,,
2329,5,5,0.93818504,1,1,,,,
2330,1,1,0.9978163,1,1,,,,
2331,5,5,0.9806293,1,1,,,,
2332,4,4,0.998607,1,1,,,,
2333,5,5,0.99437684,1,1,,,,
2334,0,2,0.56736994,0,0,,,,
2335,5,5,0.8649967,0,0,,,,
2336,2,2,0.99835724,1,1,,,,
2337,5,5,0.5560862,0,0,,,,
2338,2,2,0.9927129,1,1,,,,
2339,5,5,0.910699,1,1,,,,
2340,5,5,0.98580766,1,1,,,,
2341,3,3,0.99703264,1,1,,,,
2342,2,2,0.9969392,1,1,,,,
2343,4,4,0.99744475,1,1,,,,
2344,5,5,0.78677475,0,0,,,,
2345,2,2,0.98656625,1,1,,,,
2346,2,5,0.51916224,0,0,,,,
2347,5,5,0.80852634,0,0,,,,
2348,5,2,0.5271639,0,0,,,,
2349,2,2,0.9978168,1,1,,,,
2350,2,2,0.861599,0,0,,,,
2351,5,5,0.7744014,0,0,,,,
2352,2,5,0.5218858,0,0,,,,
2353,5,5,0.851371,0,0,,,,
2354,5,5,0.9231531,1,1,,,,
2355,1,1,0.9973918,1,1,,,,
2356,2,2,0.62771446,0,0,,,,
2357,5,5,0.5715781,0,0,,,,
2358,5,5,0.9994981,1,1,,,,
2359,5,5,0.8782977,1,1,,,,
2360,5,2,0.8597881,0,0,,,,
2361,2,0,0.3477144,0,0,,,,
2362,5,2,0.7877504,0,0,,,,
2363,2,2,0.9994081,1,1,,,,
2364,5,5,0.9983119,1,1,,,,
2365,1,1,0.9992083,1,1,,,,
2366,5,5,0.9862823,1,1,,,,
2367,5,5,0.9887475,1,1,,,,
2368,4,4,0.99086213,1,1,,,,
2369,2,2,0.61909896,0,0,,,,
2370,4,4,0.99957234,1,1,,,,
2371,3,3,0.9989833,1,1,,,,
2372,5,2,0.5056815,0,0,,,,
2373,2,2,0.94392174,1,1,,,,
2374,5,5,0.9925769,1,1,,,,
2375,5,2,0.91924834,0,1,,,,
2376,5,5,0.7888767,0,0,,,,
2377,4,4,0.9990639,1,1,,,,
2378,2,2,0.99816847,1,1,,,,
2379,5,5,0.6101883,0,0,,,,
2380,5,5,0.96763146,1,1,,,,
2381,2,2,0.98356515,1,1,,,,
2382,3,3,0.99875426,1,1,,,,
2383,2,2,0.9970029,1,1,,,,
2384,5,2,0.97153777,0,1,,,,
2385,5,5,0.5142186,0,0,,,,
2386,2,2,0.9947984,1,1,,,,
2387,1,2,0.97119784,0,1,,,,
2388,2,2,0.50239295,0,0,,,,
2389,2,2,0.75638616,0,0,,,,
2390,5,5,0.9165603,1,1,,,,
2391,2,2,0.9489864,1,1,,,,
2392,5,5,0.7547732,0,0,,,,
2393,5,5,0.7829708,0,0,,,,
2394,2,2,0.9987093,1,1,,,,
2395,4,4,0.99944586,1,1,,,,
2396,4,4,0.99934584,1,1,,,,
2397,2,2,0.99346864,1,1,,,,
2398,5,2,0.66895497,0,0,,,,
2399,2,2,0.8227543,0,0,,,,
2400,5,2,0.9576213,0,1,,,,
2401,5,5,0.9889881,1,1,,,,
2402,2,2,0.99756217,1,1,,,,
2403,2,2,0.99156886,1,1,,,,
2404,2,2,0.6386814,0,0,,,,
2405,5,2,0.88548917,0,1,,,,
2406,5,5,0.9890359,1,1,,,,
2407,2,2,0.99455875,1,1,,,,
2408,5,5,0.9213639,1,1,,,,
2409,2,2,0.9964283,1,1,,,,
2410,2,2,0.98245174,1,1,,,,
2411,2,2,0.9965072,1,1,,,,
2412,2,5,0.7650362,0,0,,,,
2413,4,4,0.9995907,1,1,,,,
2414,5,2,0.9068261,0,1,,,,
2415,4,4,0.9994679,1,1,,,,
2416,5,5,0.92690676,1,1,,,,
2417,5,5,0.84173304,0,0,,,,
2418,2,2,0.9972716,1,1,,,,
2419,4,4,0.9902306,1,1,,,,
2420,5,5,0.9975981,1,1,,,,
2421,2,5,0.5337757,0,0,,,,
2422,5,5,0.87850356,1,1,,,,
2423,5,5,0.96338296,1,1,,,,
2424,5,5,0.96448284,1,1,,,,
2425,5,5,0.36694926,0,0,,,,
2426,5,5,0.8468311,0,0,,,,
2427,2,2,0.9994055,1,1,,,,
2428,4,4,0.99947065,1,1,,,,
2429,2,2,0.9899012,1,1,,,,
2430,5,5,0.99843854,1,1,,,,
2431,2,2,0.9939592,1,1,,,,
2432,2,2,0.55409575,0,0,,,,
2433,2,2,0.99933296,1,1,,,,
2434,3,3,0.9979108,1,1,,,,
2435,5,5,0.8910051,1,1,,,,
2436,2,2,0.99827206,1,1,,,,
2437,5,5,0.94345707,1,1,,,,
2438,5,5,0.98187315,1,1,,,,
2439,5,5,0.5257894,0,0,,,,
2440,2,2,0.99845505,1,1,,,,
2441,5,5,0.7473911,0,0,,,,
2442,2,2,0.9944706,1,1,,,,
2443,2,2,0.9974366,1,1,,,,
2444,5,5,0.58558995,0,0,,,,
2445,5,5,0.9900893,1,1,,,,
2446,5,5,0.98708934,1,1,,,,
2447,5,5,0.99929714,1,1,,,,
2448,2,2,0.995349,1,1,,,,
2449,2,2,0.99796045,1,1,,,,
2450,5,5,0.9551873,1,1,,,,
2451,5,5,0.9993357,1,1,,,,
2452,2,2,0.99545234,1,1,,,,
2453,0,0,0.8414255,0,0,,,,
2454,2,0,0.5368718,0,0,,,,
2455,2,5,0.69972247,0,0,,,,
2456,5,5,0.9983772,1,1,,,,
2457,5,5,0.67162025,0,0,,,,
2458,5,5,0.5597706,0,0,,,,
2459,5,5,0.99367493,1,1,,,,
2460,4,4,0.99932885,1,1,,,,
2461,2,2,0.83394736,0,0,,,,
2462,2,2,0.9980552,1,1,,,,
2463,2,2,0.996867,1,1,,,,
2464,5,5,0.8692728,0,0,,,,
2465,2,2,0.99713,1,1,,,,
2466,2,2,0.99600816,1,1,,,,
2467,2,2,0.71309376,0,0,,,,
2468,5,5,0.99784803,1,1,,,,
2469,5,2,0.81889796,0,0,,,,
2470,0,0,0.4926881,0,0,,,,
2471,1,1,0.98942775,1,1,,,,
2472,2,2,0.98740387,1,1,,,,
2473,5,5,0.8010188,0,0,,,,
2474,5,0,0.5590989,0,0,,,,
2475,5,5,0.99473226,1,1,,,,
2476,5,5,0.91665643,1,1,,,,
2477,5,5,0.99867505,1,1,,,,
2478,2,2,0.99782455,1,1,,,,
2479,5,5,0.97423494,1,1,,,,
2480,5,5,0.8468291,0,0,,,,
2481,4,4,0.99808973,1,1,,,,
2482,5,5,0.9278377,1,1,,,,
2483,4,4,0.9966641,1,1,,,,
2484,3,3,0.998923,1,1,,,,
2485,4,4,0.99670213,1,1,,,,
2486,2,2,0.9859071,1,1,,,,
2487,0,0,0.860343,0,0,,,,
2488,5,5,0.9182664,1,1,,,,
2489,5,5,0.99343467,1,1,,,,
2490,2,2,0.99720323,1,1,,,,
2491,5,5,0.7589067,0,0,,,,
2492,5,5,0.955486,1,1,,,,
2493,2,2,0.99684215,1,1,,,,
2494,5,5,0.7488959,0,0,,,,
2495,4,4,0.9822655,1,1,,,,
2496,3,3,0.99853635,1,1,,,,
2497,2,2,0.99496114,1,1,,,,
2498,5,5,0.5957976,0,0,,,,
2499,2,2,0.9051284,1,1,,,,
2500,4,4,0.99958915,1,1,,,,
2501,5,5,0.76552254,0,0,,,,
2502,2,2,0.8675313,0,0,,,,
2503,5,5,0.44713992,0,0,,,,
2504,2,2,0.982142,1,1,,,,
2505,5,2,0.6614292,0,0,,,,
2506,2,2,0.9972269,1,1,,,,
2507,5,2,0.6784263,0,0,,,,
2508,0,1,0.610479,0,0,,,,
2509,5,5,0.99804664,1,1,,,,
2510,5,5,0.62119937,0,0,,,,
2511,5,5,0.9982704,1,1,,,,
2512,5,5,0.9542367,1,1,,,,
2513,5,5,0.9970751,1,1,,,,
2514,4,4,0.9992219,1,1,,,,
2515,2,2,0.91143113,1,1,,,,
2516,2,2,0.99888664,1,1,,,,
2517,5,5,0.9979978,1,1,,,,
2518,5,5,0.99659294,1,1,,,,
2519,2,2,0.99797684,1,1,,,,
2520,2,2,0.9971827,1,1,,,,
2521,5,5,0.9832076,1,1,,,,
2522,2,5,0.61260307,0,0,,,,
2523,2,2,0.9950206,1,1,,,,
2524,5,5,0.52790785,0,0,,,,
2525,2,2,0.9862325,1,1,,,,
2526,5,5,0.9952437,1,1,,,,
2527,5,5,0.99602085,1,1,,,,
2528,5,1,0.45274648,0,0,,,,
2529,5,5,0.99897826,1,1,,,,
2530,2,2,0.99836665,1,1,,,,
2531,5,5,0.54473305,0,0,,,,
2532,5,5,0.9906219,1,1,,,,
2533,2,2,0.9250758,1,1,,,,
2534,5,5,0.96182215,1,1,,,,
2535,5,5,0.9968214,1,1,,,,
2536,5,2,0.6576068,0,0,,,,
2537,2,2,0.9995988,1,1,,,,
2538,5,5,0.55606645,0,0,,,,
2539,1,1,0.9985588,1,1,,,,
2540,5,5,0.7386543,0,0,,,,
2541,2,2,0.99780685,1,1,,,,
2542,5,5,0.9920493,1,1,,,,
2543,2,5,0.54499763,0,0,,,,
2544,5,5,0.9932939,1,1,,,,
2545,5,5,0.7184357,0,0,,,,
2546,1,1,0.9992545,1,1,,,,
2547,5,5,0.9242758,1,1,,,,
2548,1,1,0.98187125,1,1,,,,
2549,1,1,0.9975533,1,1,,,,
2550,4,4,0.99914145,1,1,,,,
2551,5,5,0.9976004,1,1,,,,
2552,0,0,0.75109684,0,0,,,,
2553,5,5,0.90288675,1,1,,,,
2554,2,2,0.9946554,1,1,,,,
2555,2,5,0.9131089,0,1,,,,
2556,5,5,0.57506585,0,0,,,,
2557,5,5,0.9980636,1,1,,,,
2558,2,2,0.9945831,1,1,,,,
2559,4,4,0.998543,1,1,,,,
2560,5,2,0.9092119,0,1,,,,
2561,5,5,0.9906255,1,1,,,,
2562,2,2,0.9730109,1,1,,,,
2563,1,1,0.8656246,0,0,,,,
2564,2,2,0.9940984,1,1,,,,
2565,5,2,0.5711351,0,0,,,,
2566,4,4,0.99937516,1,1,,,,
2567,5,5,0.7958816,0,0,,,,
2568,5,5,0.9857227,1,1,,,,
2569,5,5,0.78800076,0,0,,,,
2570,2,2,0.99607193,1,1,,,,
2571,5,5,0.9829008,1,1,,,,
2572,5,5,0.9959552,1,1,,,,
2573,5,2,0.5245489,0,0,,,,
2574,2,2,0.99688905,1,1,,,,
2575,1,1,0.9917182,1,1,,,,
2576,2,2,0.993565,1,1,,,,
2577,2,2,0.99856985,1,1,,,,
2578,5,2,0.70578206,0,0,,,,
2579,3,3,0.9981883,1,1,,,,
2580,1,1,0.9988612,1,1,,,,
2581,1,1,0.9991492,1,1,,,,
2582,2,2,0.9955851,1,1,,,,
2583,2,2,0.9931444,1,1,,,,
2584,5,5,0.9975552,1,1,,,,
2585,5,2,0.71356744,0,0,,,,
2586,2,2,0.99640995,1,1,,,,
2587,1,1,0.99837154,1,1,,,,
2588,5,5,0.9892398,1,1,,,,
2589,5,5,0.99772257,1,1,,,,
2590,2,2,0.9979772,1,1,,,,
2591,5,5,0.99024034,1,1,,,,
2592,5,5,0.99347574,1,1,,,,
2593,2,2,0.99059075,1,1,,,,
2594,5,5,0.9125655,1,1,,,,
2595,2,2,0.719723,0,0,,,,
2596,0,0,0.9875652,1,1,,,,
2597,2,5,0.54466254,0,0,,,,
2598,2,2,0.988524,1,1,,,,
2599,2,2,0.9790121,1,1,,,,
2600,5,5,0.67535883,0,0,,,,
2601,5,5,0.90140015,1,1,,,,
2602,0,0,0.98011166,1,1,,,,
2603,2,2,0.80381846,0,0,,,,
2604,2,2,0.9942742,1,1,,,,
2605,5,5,0.86207217,0,0,,,,
2606,5,5,0.97916394,1,1,,,,
2607,2,2,0.7341284,0,0,,,,
2608,1,1,0.9953827,1,1,,,,
2609,2,2,0.97587806,1,1,,,,
2610,4,4,0.99914134,1,1,,,,
2611,2,2,0.99685514,1,1,,,,
2612,2,0,0.48399314,0,0,,,,
2613,4,4,0.9992599,1,1,,,,
2614,5,5,0.9980782,1,1,,,,
2615,5,5,0.9886001,1,1,,,,
2616,1,1,0.993626,1,1,,,,
2617,2,2,0.9944331,1,1,,,,
2618,5,5,0.9938784,1,1,,,,
2619,5,5,0.95631504,1,1,,,,
2620,5,2,0.513053,0,0,,,,
2621,4,4,0.9989791,1,1,,,,
2622,4,4,0.9997098,1,1,,,,
2623,2,2,0.99834204,1,1,,,,
2624,5,5,0.9804613,1,1,,,,
2625,2,2,0.99757284,1,1,,,,
2626,5,2,0.71005225,0,0,,,,
2627,0,0,0.94397664,1,1,,,,
2628,5,5,0.53141433,0,0,,,,
2629,5,5,0.9810863,1,1,,,,
